Run-all Quick_Examples (synthesize* end-to-end -> *_PR.json, no separate P&R step)
Input:   ./Microfluidics-Benchmarks/Quick_Examples
Output:  ./Microfluidics-Benchmarks/Results/Quick_Examples
Variant: 0
Log:     ./Microfluidics-Benchmarks/Results/Quick_Examples/run_all_Quick_Examples_20260722_195053.log
-----------------------
=== Native MINT (1 file(s)) ===
>> synthesizeFromMINT: ./Microfluidics-Benchmarks/Quick_Examples/flow_and_control_demo.mint
 _____ _       _       _ 
|  ___| |_   _(_) __ _(_)
| |_  | | | | | |/ _` | |
|  _| | | |_| | | (_| | |
|_|   |_|\__,_|_|\__, |_|
                 |___/   

ANTLR runtime and generated code versions disagree: 4.13.2!=4.10.1
ANTLR runtime and generated code versions disagree: 4.13.2!=4.10.1
Computing Constraints
Pulling Default Values of Components
Deleted unsupported param "position" from component mixer_1 : MIXER
Deleted unsupported param "position" from component port_1 : PORT
Deleted unsupported param "position" from component port_2 : PORT
Deleted unsupported param "position" from component port_3 : PORT
Deleted unsupported param "position" from component port_4 : PORT
Deleted unsupported param "position" from component Cport_0 : PORT
Deleted unsupported param "position" from component Cport_1 : PORT
Deleted unsupported param "position" from component valve_0 : VALVE3D
Deleted unsupported param "position" from component valve_1 : VALVE3D
Pulling Dimensions of Components
Pulling Terminals of Components
Setting Default MAX Dimensions to the device: (76200, 76200)
Starting terminal/port assignment ...
Writing to file: Microfluidics-Benchmarks/Results/Quick_Examples/flow_and_control_demo/flow_and_control_demo_fromMINT.json
output: /home/cidar-ron/Downloads/Neptune_2026/Microfluidics-Benchmarks/Results/Quick_Examples/flow_and_control_demo.dot
{'_device': {'name': 'flow_and_control_demo', 'components': [{'name': 'mixer_1', 'ID': 'mixer_1', 'params': {'data': {'componentSpacing': 1000.0, 'channelWidth': 800.0, 'bendSpacing': 1230.0, 'numberOfBends': 1.0, 'bendLength': 2460.0, 'height': 250.0, 'mirrorByX': 0.0, 'mirrorByY': 0.0, 'rotation': 0.0, 'position': [-1, -1]}}, 'entity': 'MIXER', 'xspan': 4060, 'yspan': 4860, '_ports': [{'_xpos': 2030, '_ypos': 0, 'label': '1', 'layer': 'FLOW'}, {'_xpos': 2030, '_ypos': 4860, 'label': '2', 'layer': 'FLOW'}], 'layers': [{'_id': '0', 'name': 'FLOW_0', 'layertype': 'FLOW', 'group': '0', 'params': {'data': {}}}]}, {'name': 'port_1', 'ID': 'port_1', 'params': {'data': {'componentSpacing': 1000.0, 'portRadius': 700.0, 'height': 1100.0, 'position': [-1, -1]}}, 'entity': 'PORT', 'xspan': 1400, 'yspan': 1400, '_ports': [{'_xpos': 700, '_ypos': 700, 'label': '1', 'layer': 'FLOW'}], 'layers': [{'_id': '0', 'name': 'FLOW_0', 'layertype': 'FLOW', 'group': '0', 'params': {'data': {}}}]}, {'name': 'port_2', 'ID': 'port_2', 'params': {'data': {'componentSpacing': 1000.0, 'portRadius': 700.0, 'height': 1100.0, 'position': [-1, -1]}}, 'entity': 'PORT', 'xspan': 1400, 'yspan': 1400, '_ports': [{'_xpos': 700, '_ypos': 700, 'label': '1', 'layer': 'FLOW'}], 'layers': [{'_id': '0', 'name': 'FLOW_0', 'layertype': 'FLOW', 'group': '0', 'params': {'data': {}}}]}, {'name': 'port_3', 'ID': 'port_3', 'params': {'data': {'componentSpacing': 1000.0, 'portRadius': 700.0, 'height': 1100.0, 'position': [-1, -1]}}, 'entity': 'PORT', 'xspan': 1400, 'yspan': 1400, '_ports': [{'_xpos': 700, '_ypos': 700, 'label': '1', 'layer': 'FLOW'}], 'layers': [{'_id': '0', 'name': 'FLOW_0', 'layertype': 'FLOW', 'group': '0', 'params': {'data': {}}}]}, {'name': 'port_4', 'ID': 'port_4', 'params': {'data': {'componentSpacing': 1000.0, 'portRadius': 700.0, 'height': 1100.0, 'position': [-1, -1]}}, 'entity': 'PORT', 'xspan': 1400, 'yspan': 1400, '_ports': [{'_xpos': 700, '_ypos': 700, 'label': '1', 'layer': 'FLOW'}], 'layers': [{'_id': '0', 'name': 'FLOW_0', 'layertype': 'FLOW', 'group': '0', 'params': {'data': {}}}]}, {'name': 'Cport_0', 'ID': 'Cport_0', 'params': {'data': {'componentSpacing': 1000.0, 'portRadius': 700.0, 'height': 1100.0, 'position': [-1, -1]}}, 'entity': 'PORT', 'xspan': 1400, 'yspan': 1400, '_ports': [{'_xpos': 700, '_ypos': 700, 'label': '1', 'layer': 'FLOW'}], 'layers': [{'_id': '1', 'name': 'FLOW_0', 'layertype': 'CONTROL', 'group': '0', 'params': {'data': {}}}]}, {'name': 'Cport_1', 'ID': 'Cport_1', 'params': {'data': {'componentSpacing': 1000.0, 'portRadius': 700.0, 'height': 1100.0, 'position': [-1, -1]}}, 'entity': 'PORT', 'xspan': 1400, 'yspan': 1400, '_ports': [{'_xpos': 700, '_ypos': 700, 'label': '1', 'layer': 'FLOW'}], 'layers': [{'_id': '1', 'name': 'FLOW_0', 'layertype': 'CONTROL', 'group': '0', 'params': {'data': {}}}]}, {'name': 'valve_0', 'ID': 'valve_0', 'params': {'data': {'componentSpacing': 1000, 'valveRadius': 400, 'height': 250, 'gap': 600.0, 'width': 2400.0, 'length': 2400.0, 'rotation': 0.0, 'position': [-1, -1]}}, 'entity': 'VALVE3D', 'xspan': 800, 'yspan': 800, '_ports': [{'_xpos': 400, '_ypos': 400, 'label': '1', 'layer': 'CONTROL'}], 'layers': [{'_id': '1', 'name': 'FLOW_0', 'layertype': 'CONTROL', 'group': '0', 'params': {'data': {}}}]}, {'name': 'valve_1', 'ID': 'valve_1', 'params': {'data': {'componentSpacing': 1000, 'valveRadius': 400, 'height': 250, 'gap': 600.0, 'width': 2400.0, 'length': 2400.0, 'rotation': 0.0, 'position': [-1, -1]}}, 'entity': 'VALVE3D', 'xspan': 800, 'yspan': 800, '_ports': [{'_xpos': 400, '_ypos': 400, 'label': '1', 'layer': 'CONTROL'}], 'layers': [{'_id': '1', 'name': 'FLOW_0', 'layertype': 'CONTROL', 'group': '0', 'params': {'data': {}}}]}], 'connections': [{'name': 'channel_1', 'ID': 'channel_1', 'entity': 'CHANNEL', 'params': {'data': {'connectionSpacing': 1000, 'channelWidth': 400, 'start': ['Point', -1, -1], 'end': [-1, -1], 'wayPoints': [[-1, -1]], 'segments': [[[-1, -1], [-1, -1]]]}}, 'source': {'_component': 'mixer_1', '_port': '2'}, 'sinks': [{'_component': 'port_1', '_port': '1'}], 'layer': {'_id': '0', 'name': 'FLOW_0', 'layertype': 'FLOW', 'group': '0', 'params': {'data': {}}}, '_paths': []}, {'name': 'channel_2', 'ID': 'channel_2', 'entity': 'CHANNEL', 'params': {'data': {'connectionSpacing': 1000, 'channelWidth': 400, 'start': ['Point', -1, -1], 'end': [-1, -1], 'wayPoints': [[-1, -1]], 'segments': [[[-1, -1], [-1, -1]]]}}, 'source': {'_component': 'port_2', '_port': '1'}, 'sinks': [{'_component': 'port_1', '_port': '1'}], 'layer': {'_id': '0', 'name': 'FLOW_0', 'layertype': 'FLOW', 'group': '0', 'params': {'data': {}}}, '_paths': []}, {'name': 'channel_3', 'ID': 'channel_3', 'entity': 'CHANNEL', 'params': {'data': {'connectionSpacing': 1000, 'channelWidth': 400, 'start': ['Point', -1, -1], 'end': [-1, -1], 'wayPoints': [[-1, -1]], 'segments': [[[-1, -1], [-1, -1]]]}}, 'source': {'_component': 'port_3', '_port': '1'}, 'sinks': [{'_component': 'mixer_1', '_port': '1'}], 'layer': {'_id': '0', 'name': 'FLOW_0', 'layertype': 'FLOW', 'group': '0', 'params': {'data': {}}}, '_paths': []}, {'name': 'channel_4', 'ID': 'channel_4', 'entity': 'CHANNEL', 'params': {'data': {'connectionSpacing': 1000, 'channelWidth': 400, 'start': ['Point', -1, -1], 'end': [-1, -1], 'wayPoints': [[-1, -1]], 'segments': [[[-1, -1], [-1, -1]]]}}, 'source': {'_component': 'port_4', '_port': '1'}, 'sinks': [{'_component': 'mixer_1', '_port': '1'}], 'layer': {'_id': '0', 'name': 'FLOW_0', 'layertype': 'FLOW', 'group': '0', 'params': {'data': {}}}, '_paths': []}, {'name': 'Ctrlchannel_0', 'ID': 'Ctrlchannel_0', 'entity': 'CHANNEL', 'params': {'data': {'connectionSpacing': 1000, 'channelWidth': 400, 'start': ['Point', -1, -1], 'end': [-1, -1], 'wayPoints': [[-1, -1]], 'segments': [[[-1, -1], [-1, -1]]]}}, 'source': {'_component': 'Cport_0', '_port': '1'}, 'sinks': [{'_component': 'valve_0', '_port': '1'}], 'layer': {'_id': '1', 'name': 'FLOW_0', 'layertype': 'CONTROL', 'group': '0', 'params': {'data': {}}}, '_paths': []}, {'name': 'Ctrlchannel_1', 'ID': 'Ctrlchannel_1', 'entity': 'CHANNEL', 'params': {'data': {'connectionSpacing': 1000, 'channelWidth': 400, 'start': ['Point', -1, -1], 'end': [-1, -1], 'wayPoints': [[-1, -1]], 'segments': [[[-1, -1], [-1, -1]]]}}, 'source': {'_component': 'Cport_1', '_port': '1'}, 'sinks': [{'_component': 'valve_1', '_port': '1'}], 'layer': {'_id': '1', 'name': 'FLOW_0', 'layertype': 'CONTROL', 'group': '0', 'params': {'data': {}}}, '_paths': []}], 'layers': [{'_id': '0', 'name': 'FLOW_0', 'layertype': 'FLOW', 'group': '0', 'params': {'data': {}}}, {'_id': '1', 'name': 'FLOW_0', 'layertype': 'CONTROL', 'group': '0', 'params': {'data': {}}}], 'params': {'data': {'x-span': 76200, 'y-span': 76200, 'length': 76200}}, 'features': [], 'graph': <networkx.classes.multidigraph.MultiDiGraph object at 0x7ddd219fa020>, '_valve_map': {'valve_0': {'name': 'channel_1', 'ID': 'channel_1', 'entity': 'CHANNEL', 'params': {'data': {'connectionSpacing': 1000, 'channelWidth': 400, 'start': ['Point', -1, -1], 'end': [-1, -1], 'wayPoints': [[-1, -1]], 'segments': [[[-1, -1], [-1, -1]]]}}, 'source': {'_component': 'mixer_1', '_port': '2'}, 'sinks': [{'_component': 'port_1', '_port': '1'}], 'layer': {'_id': '0', 'name': 'FLOW_0', 'layertype': 'FLOW', 'group': '0', 'params': {'data': {}}}, '_paths': []}, 'valve_1': {'name': 'channel_2', 'ID': 'channel_2', 'entity': 'CHANNEL', 'params': {'data': {'connectionSpacing': 1000, 'channelWidth': 400, 'start': ['Point', -1, -1], 'end': [-1, -1], 'wayPoints': [[-1, -1]], 'segments': [[[-1, -1], [-1, -1]]]}}, 'source': {'_component': 'port_2', '_port': '1'}, 'sinks': [{'_component': 'port_1', '_port': '1'}], 'layer': {'_id': '0', 'name': 'FLOW_0', 'layertype': 'FLOW', 'group': '0', 'params': {'data': {}}}, '_paths': []}}, '_valve_type_map': {'valve_0': <ValveType.NORMALLY_OPEN: 0>, 'valve_1': <ValveType.NORMALLY_OPEN: 0>}, '_valve_control_port_map': {}}, '_layout_constraints': [], '_terminals': [], '_vias': []}
output dir: Microfluidics-Benchmarks/Results/Quick_Examples/flow_and_control_demo
Running File: Microfluidics-Benchmarks/Results/Quick_Examples/flow_and_control_demo/flow_and_control_demo_fromMINT.json
Starting terminal/port assignment ...
Reducing the Size of the device and adding device padding: 20000 um
Updated the device dimensions: (114060, 64860) microns
Completed simple linear placement fallback.
Wrote: /home/cidar-ron/Downloads/Neptune_2026/Microfluidics-Benchmarks/Results/Quick_Examples/flow_and_control_demo/flow_and_control_demo_fromMINT_PR.json
✓ MINT synthesis + placed/routed under ./Microfluidics-Benchmarks/Results/Quick_Examples/flow_and_control_demo
=== LFR (5 file(s)) ===
>> synthesize: ./Microfluidics-Benchmarks/Quick_Examples/flow_and_control_demo.lfr (variant 0)
 _____ _       _       _ 
|  ___| |_   _(_) __ _(_)
| |_  | | | | | |/ _` | |
|  _| | | |_| | | (_| | |
|_|   |_|\__,_|_|\__, |_|
                 |___/   

['/home/cidar-ron/Downloads/Neptune_2026/pylfr/library', './Microfluidics-Benchmarks/Quick_Examples']
Loading all LFR Files from lib Directories:
-- Loading form path /home/cidar-ron/Downloads/Neptune_2026/pylfr/library
Storing into library: /home/cidar-ron/Downloads/Neptune_2026/pylfr/library/default-modules/mux.lfr
Storing into library: /home/cidar-ron/Downloads/Neptune_2026/pylfr/library/default-modules/tree.lfr
Storing into library: /home/cidar-ron/Downloads/Neptune_2026/pylfr/library/default-modules/port.lfr
Storing into library: /home/cidar-ron/Downloads/Neptune_2026/pylfr/library/default-modules/picoinjector.lfr
Storing into library: /home/cidar-ron/Downloads/Neptune_2026/pylfr/library/default-modules/mixer.lfr
Storing into library: /home/cidar-ron/Downloads/Neptune_2026/pylfr/library/default-modules/valve.lfr
Storing into library: /home/cidar-ron/Downloads/Neptune_2026/pylfr/library/default-modules/nozzle_droplet_generator.lfr
Storing into library: /home/cidar-ron/Downloads/Neptune_2026/pylfr/library/default-modules/channel.lfr
Storing into library: /home/cidar-ron/Downloads/Neptune_2026/pylfr/library/default-modules/reaction_chamber.lfr
-- Loading form path ./Microfluidics-Benchmarks/Quick_Examples
Storing into library: /home/cidar-ron/Downloads/Neptune_2026/Microfluidics-Benchmarks/Quick_Examples/flow_and_control_demo.lfr
Storing into library: /home/cidar-ron/Downloads/Neptune_2026/Microfluidics-Benchmarks/Quick_Examples/import_droplet_reaction.lfr
Storing into library: /home/cidar-ron/Downloads/Neptune_2026/Microfluidics-Benchmarks/Quick_Examples/import_mixer_and_incubator.lfr
Storing into library: /home/cidar-ron/Downloads/Neptune_2026/Microfluidics-Benchmarks/Quick_Examples/flow_only_demo.lfr
Storing into library: /home/cidar-ron/Downloads/Neptune_2026/Microfluidics-Benchmarks/Quick_Examples/import_parallel_premix.lfr
Storing into library: /home/cidar-ron/Downloads/Neptune_2026/Microfluidics-Benchmarks/Quick_Examples/library/two_in_mixer.lfr
Storing into library: /home/cidar-ron/Downloads/Neptune_2026/Microfluidics-Benchmarks/Quick_Examples/library/three_in_mixer.lfr
Storing into library: /home/cidar-ron/Downloads/Neptune_2026/Microfluidics-Benchmarks/Quick_Examples/library/droplet_generator.lfr
Storing into library: /home/cidar-ron/Downloads/Neptune_2026/Microfluidics-Benchmarks/Quick_Examples/library/incubator.lfr
Input Path: /home/cidar-ron/Downloads/Neptune_2026/Microfluidics-Benchmarks/Quick_Examples/flow_and_control_demo.lfr
File: /home/cidar-ron/Downloads/Neptune_2026/Microfluidics-Benchmarks/Quick_Examples/flow_and_control_demo.lfr
ANTLR runtime and generated code versions disagree: 4.13.2!=4.10.1
ANTLR runtime and generated code versions disagree: 4.13.2!=4.10.1
['flow_and_control_demo.lfr']
output dir: Microfluidics-Benchmarks/Results/Quick_Examples/flow_and_control_demo
('./Microfluidics-Benchmarks/Quick_Examples/flow_and_control_demo.lfr',)
ANTLR runtime and generated code versions disagree: 4.13.2!=4.10.1
ANTLR runtime and generated code versions disagree: 4.13.2!=4.10.1
Initialized the lfrcompiler
Performing operation: <VectorRange::Vector - inlet1 [0 : 0]> + <VectorRange::Vector - inlet2 [0 : 0]>
Creating a vector of type [None]
LHS, RHS sizes are equal
FLOW - inlet1_MIX_(+)_inlet2_0 FLOW - mixer
<class 'lfr.fig.interaction.FluidFluidInteraction'>
+
Entering the Distribution Block
Entering the dis assign stat
Exiting the dist assign stat
LHS, RHS sizes are equal
FLOW - mixer IO - Name: outlet, Type : IOType.FLOW_OUTPUT
Could not find source - mixer in state table connectivity graph, adding node
Could not find target - outlet in state table connectivity graph, adding node
Added the edge mixer -> outlet
Entering the dis assign stat
Exiting the dist assign stat
LHS, RHS sizes are equal
IO - Name: inlet3, Type : IOType.FLOW_INPUT IO - Name: outlet, Type : IOType.FLOW_OUTPUT
Could not find source - inlet3 in state table connectivity graph, adding node
Could not find target - outlet in state table connectivity graph, adding node
Added the edge inlet3 -> outlet
Exit the Distribution Block
Implement the fig generation from this
Connectivity table for the distribution block
╒═════════════════╤══════════════════╕
│   mixer->outlet │   inlet3->outlet │
╞═════════════════╪══════════════════╡
│               1 │                0 │
├─────────────────┼──────────────────┤
│               0 │                1 │
╘═════════════════╧══════════════════╛
╒═════╕
│   c │
╞═════╡
│   1 │
├─────┤
│   0 │
╘═════╛
╒═════════════════╤══════════════════╤═════╕
│   mixer->outlet │   inlet3->outlet │   c │
╞═════════════════╪══════════════════╪═════╡
│               1 │                0 │   1 │
├─────────────────┼──────────────────┼─────┤
│               0 │                1 │   0 │
╘═════════════════╧══════════════════╧═════╛
DISTRIBUTE-AND CANDIDATES:
[]
╒═════════════════╤══════════════════╕
│   mixer->outlet │   inlet3->outlet │
╞═════════════════╪══════════════════╡
│               1 │                0 │
├─────────────────┼──────────────────┤
│               0 │                1 │
╘═════════════════╧══════════════════╛
╒═════╕
│   c │
╞═════╡
│   1 │
├─────┤
│   0 │
╘═════╛
╒═════════════════╤══════════════════╤═════╕
│   mixer->outlet │   inlet3->outlet │   c │
╞═════════════════╪══════════════════╪═════╡
│               1 │                0 │   1 │
├─────────────────┼──────────────────┼─────┤
│               0 │                1 │   0 │
╘═════════════════╧══════════════════╧═════╛
[[1 0]
 [0 1]]
[[1 0]
 [0 1]]
DISTRIBUTE-OR CANDIDATES
[[0, 1]]
Adding DIST-OR annotation 'DIST_OR_1af40d17-26aa-45f8-8aad-43d1467abc37' for fig nodes:
FLOW - mixer->IO - Name: outlet, Type : IOType.FLOW_OUTPUT
IO - Name: inlet3, Type : IOType.FLOW_INPUT->IO - Name: outlet, Type : IOType.FLOW_OUTPUT
Control mapping: 2 edge(s) -> valve/control_port (1:1)
  mixer -> outlet  :  valve_0  <-  ctrl_0
  inlet3 -> outlet  :  valve_1  <-  ctrl_1
Name : flow_and_control_demo
Name: inlet1, Type : IOType.FLOW_INPUT
Name: inlet2, Type : IOType.FLOW_INPUT
Name: inlet3, Type : IOType.FLOW_INPUT
Name: outlet, Type : IOType.FLOW_OUTPUT
Name: c, Type : IOType.CONTROL

---Top of Stack---
---Bottom of Stack---
output: /home/cidar-ron/Downloads/Neptune_2026/Microfluidics-Benchmarks/Results/Quick_Examples/flow_and_control_demo/flow_and_control_demo
output: /home/cidar-ron/Downloads/Neptune_2026/Microfluidics-Benchmarks/Results/Quick_Examples/flow_and_control_demo/flow_and_control_demo/flow_and_control_demo.dot
output: line 2:25 extraneous input 'CHAMBER' expecting {',', '}'}
/home/cidar-ron/Downloads/Neptune_2026/Microfluidics-Benchmarks/Results/Quick_Examples/flow_and_control_demo/flow_and_control_demo
output: /home/cidar-ron/Downloads/Neptune_2026/Microfluidics-Benchmarks/Results/Quick_Examples/flow_and_control_demo/flow_and_control_demo/flow_and_control_demo_FIG.dot
Flow candidate: {'mixer'}
Passthrough found: {'mixer'}
Removing the component: {'mixer'}
output: /home/cidar-ron/Downloads/Neptune_2026/Microfluidics-Benchmarks/Results/Quick_Examples/flow_and_control_demo/flow_and_control_demo
output: /home/cidar-ron/Downloads/Neptune_2026/Microfluidics-Benchmarks/Results/Quick_Examples/flow_and_control_demo/flow_and_control_demo/flow_and_control_demo_FIG_simplified.dot
[]
('6fc35c7c22084cae72e62a0163574d8c', 'REACTION CHAMBER', '{\n            v1: REACTION CHAMBER\n        }')
('5b0789de1846a32aa239997c6b11eba8', 'PORT', '{\n            v1:IO\n        }')
('3888a3a085a0b78f43d9ad9257fb94cd', 'MIXER', '{\n            v1:MIX\n        }')
('d1781b16b1ea9b97644d83f5671ba40d', 'MIXER', '{\n            v1:DILUTE\n        }')
('8330be665ac09c4b528fb673eaf54323', 'PICOINJECTOR', '{\n            v1:MIX\n        }')
('588c06b63717d489f484abec4d043630', 'DROPLET MERGER', '{\n            v1:MIX\n        }')
('5cd84e8394bf8d6c20a6333d70b59771', 'DROPLET SORTER', '{\n            v1:SIEVE\n        }')
('9722844e53ed3f50c3e82c3f8015876f', 'NOZZLE DROPLET GENERATOR', '{\n            v1:METER\n        }')
('914238687115aa147b97e8d5533e886c', 'DROPLET MERGER JUNCTION', '{\n            v1:MIX\n        }')
('d886b57db1ce64cdc693b482957a8fe2', 'DROPLET MERGER CHANNEL', '{\n            v1:MIX\n        }')
('d949473e8c28c7624371eb1477dc026b', 'DROPLET SPLITTER', '{\n            v1:DIVIDE\n        }')
('cdea77c5343e10aa9ebcb993ab494b7b', 'DROPLET CAPACITANCE SENSOR', '{\n            v1:PROCESS\n        }')
('ddafeac84b5c1d4256c02be0327aad6b', 'SQUARE CELL TRAP', '{\n            v1:STORAGE\n        }')
('cd9f240e7e4fed74b91aa6e3b94eec01', 'LONG CELL TRAPPER', '{\n            v1:STORAGE\n        }')
('26f0a16b9d1878f24029199874cd778b', 'FILTER', '{\n            v1:PROCESS\n        }')
('c9770124d971f8583173f0dd28b4017b', 'DROPLET FLUORESCENCE SENSOR', '{\n            v1:PROCESS\n        }')
('09781c385e672251742ca6cc07e56759', 'DROPLET LUMINESCENCE SENSOR', '{\n            v1:PROCESS\n        }')
('1159f8c0f6837f1916dd1b43d142fa9d', 'DROPLET SPACER', '{\n            v1:PROCESS\n        }')
('feb0fbd9a78edd7b903246b2de78427e', 'YTREE', '')
('f52e9c50a060add65a035429b2a22229', 'CHANNEL', '')
[]
6fc35c7c22084cae72e62a0163574d8c
ANTLR runtime and generated code versions disagree: 4.13.2!=4.10
ANTLR runtime and generated code versions disagree: 4.13.2!=4.10
<lfr.graphmatch.matchpattern.MatchPattern object at 0x79821ebf7040>
[('inlet1', 'inlet1_MIX_(+)_inlet2_0'), ('inlet2', 'inlet1_MIX_(+)_inlet2_0'), ('inlet3', 'outlet'), ('inlet1_MIX_(+)_inlet2_0', 'outlet')]
Templates Here
Structural Template Nodes: [('v1', {})]
Structural Template Edges: []
Node v1 has the following constraints:
[]
Templates End
[]
5b0789de1846a32aa239997c6b11eba8
ANTLR runtime and generated code versions disagree: 4.13.2!=4.10
ANTLR runtime and generated code versions disagree: 4.13.2!=4.10
<lfr.graphmatch.matchpattern.MatchPattern object at 0x79821ebf7df0>
[('inlet1', 'inlet1_MIX_(+)_inlet2_0'), ('inlet2', 'inlet1_MIX_(+)_inlet2_0'), ('inlet3', 'outlet'), ('inlet1_MIX_(+)_inlet2_0', 'outlet')]
Templates Here
Structural Template Nodes: [('v1', {})]
Structural Template Edges: []
Node v1 has the following constraints:
[]
Templates End
Found Match: 5b0789de1846a32aa239997c6b11eba8
{'c': 'v1'}
Found Match: 5b0789de1846a32aa239997c6b11eba8
{'outlet': 'v1'}
Found Match: 5b0789de1846a32aa239997c6b11eba8
{'inlet3': 'v1'}
Found Match: 5b0789de1846a32aa239997c6b11eba8
{'inlet1': 'v1'}
Found Match: 5b0789de1846a32aa239997c6b11eba8
{'inlet2': 'v1'}
[('5b0789de1846a32aa239997c6b11eba8', 'PORT', {'c': 'v1'}), ('5b0789de1846a32aa239997c6b11eba8', 'PORT', {'outlet': 'v1'}), ('5b0789de1846a32aa239997c6b11eba8', 'PORT', {'inlet3': 'v1'}), ('5b0789de1846a32aa239997c6b11eba8', 'PORT', {'inlet1': 'v1'}), ('5b0789de1846a32aa239997c6b11eba8', 'PORT', {'inlet2': 'v1'})]
3888a3a085a0b78f43d9ad9257fb94cd
ANTLR runtime and generated code versions disagree: 4.13.2!=4.10
ANTLR runtime and generated code versions disagree: 4.13.2!=4.10
<lfr.graphmatch.matchpattern.MatchPattern object at 0x7982329bce20>
[('inlet1', 'inlet1_MIX_(+)_inlet2_0'), ('inlet2', 'inlet1_MIX_(+)_inlet2_0'), ('inlet3', 'outlet'), ('inlet1_MIX_(+)_inlet2_0', 'outlet')]
Templates Here
Structural Template Nodes: [('v1', {})]
Structural Template Edges: []
Node v1 has the following constraints:
[]
Templates End
Found Match: 3888a3a085a0b78f43d9ad9257fb94cd
{'inlet1_MIX_(+)_inlet2_0': 'v1'}
[('5b0789de1846a32aa239997c6b11eba8', 'PORT', {'c': 'v1'}), ('5b0789de1846a32aa239997c6b11eba8', 'PORT', {'outlet': 'v1'}), ('5b0789de1846a32aa239997c6b11eba8', 'PORT', {'inlet3': 'v1'}), ('5b0789de1846a32aa239997c6b11eba8', 'PORT', {'inlet1': 'v1'}), ('5b0789de1846a32aa239997c6b11eba8', 'PORT', {'inlet2': 'v1'}), ('3888a3a085a0b78f43d9ad9257fb94cd', 'MIXER', {'inlet1_MIX_(+)_inlet2_0': 'v1'})]
d1781b16b1ea9b97644d83f5671ba40d
ANTLR runtime and generated code versions disagree: 4.13.2!=4.10
ANTLR runtime and generated code versions disagree: 4.13.2!=4.10
<lfr.graphmatch.matchpattern.MatchPattern object at 0x79821ebf6500>
[('inlet1', 'inlet1_MIX_(+)_inlet2_0'), ('inlet2', 'inlet1_MIX_(+)_inlet2_0'), ('inlet3', 'outlet'), ('inlet1_MIX_(+)_inlet2_0', 'outlet')]
Templates Here
Structural Template Nodes: [('v1', {})]
Structural Template Edges: []
Node v1 has the following constraints:
[]
Templates End
[('5b0789de1846a32aa239997c6b11eba8', 'PORT', {'c': 'v1'}), ('5b0789de1846a32aa239997c6b11eba8', 'PORT', {'outlet': 'v1'}), ('5b0789de1846a32aa239997c6b11eba8', 'PORT', {'inlet3': 'v1'}), ('5b0789de1846a32aa239997c6b11eba8', 'PORT', {'inlet1': 'v1'}), ('5b0789de1846a32aa239997c6b11eba8', 'PORT', {'inlet2': 'v1'}), ('3888a3a085a0b78f43d9ad9257fb94cd', 'MIXER', {'inlet1_MIX_(+)_inlet2_0': 'v1'})]
8330be665ac09c4b528fb673eaf54323
ANTLR runtime and generated code versions disagree: 4.13.2!=4.10
ANTLR runtime and generated code versions disagree: 4.13.2!=4.10
<lfr.graphmatch.matchpattern.MatchPattern object at 0x79821ebf7eb0>
[('inlet1', 'inlet1_MIX_(+)_inlet2_0'), ('inlet2', 'inlet1_MIX_(+)_inlet2_0'), ('inlet3', 'outlet'), ('inlet1_MIX_(+)_inlet2_0', 'outlet')]
Templates Here
Structural Template Nodes: [('v1', {})]
Structural Template Edges: []
Node v1 has the following constraints:
[]
Templates End
[('5b0789de1846a32aa239997c6b11eba8', 'PORT', {'c': 'v1'}), ('5b0789de1846a32aa239997c6b11eba8', 'PORT', {'outlet': 'v1'}), ('5b0789de1846a32aa239997c6b11eba8', 'PORT', {'inlet3': 'v1'}), ('5b0789de1846a32aa239997c6b11eba8', 'PORT', {'inlet1': 'v1'}), ('5b0789de1846a32aa239997c6b11eba8', 'PORT', {'inlet2': 'v1'}), ('3888a3a085a0b78f43d9ad9257fb94cd', 'MIXER', {'inlet1_MIX_(+)_inlet2_0': 'v1'})]
588c06b63717d489f484abec4d043630
ANTLR runtime and generated code versions disagree: 4.13.2!=4.10
ANTLR runtime and generated code versions disagree: 4.13.2!=4.10
<lfr.graphmatch.matchpattern.MatchPattern object at 0x79821ebf7730>
[('inlet1', 'inlet1_MIX_(+)_inlet2_0'), ('inlet2', 'inlet1_MIX_(+)_inlet2_0'), ('inlet3', 'outlet'), ('inlet1_MIX_(+)_inlet2_0', 'outlet')]
Templates Here
Structural Template Nodes: [('v1', {})]
Structural Template Edges: []
Node v1 has the following constraints:
[]
Templates End
[('5b0789de1846a32aa239997c6b11eba8', 'PORT', {'c': 'v1'}), ('5b0789de1846a32aa239997c6b11eba8', 'PORT', {'outlet': 'v1'}), ('5b0789de1846a32aa239997c6b11eba8', 'PORT', {'inlet3': 'v1'}), ('5b0789de1846a32aa239997c6b11eba8', 'PORT', {'inlet1': 'v1'}), ('5b0789de1846a32aa239997c6b11eba8', 'PORT', {'inlet2': 'v1'}), ('3888a3a085a0b78f43d9ad9257fb94cd', 'MIXER', {'inlet1_MIX_(+)_inlet2_0': 'v1'})]
5cd84e8394bf8d6c20a6333d70b59771
ANTLR runtime and generated code versions disagree: 4.13.2!=4.10
ANTLR runtime and generated code versions disagree: 4.13.2!=4.10
<lfr.graphmatch.matchpattern.MatchPattern object at 0x79821ec3c2e0>
[('inlet1', 'inlet1_MIX_(+)_inlet2_0'), ('inlet2', 'inlet1_MIX_(+)_inlet2_0'), ('inlet3', 'outlet'), ('inlet1_MIX_(+)_inlet2_0', 'outlet')]
Templates Here
Structural Template Nodes: [('v1', {})]
Structural Template Edges: []
Node v1 has the following constraints:
[]
Templates End
[('5b0789de1846a32aa239997c6b11eba8', 'PORT', {'c': 'v1'}), ('5b0789de1846a32aa239997c6b11eba8', 'PORT', {'outlet': 'v1'}), ('5b0789de1846a32aa239997c6b11eba8', 'PORT', {'inlet3': 'v1'}), ('5b0789de1846a32aa239997c6b11eba8', 'PORT', {'inlet1': 'v1'}), ('5b0789de1846a32aa239997c6b11eba8', 'PORT', {'inlet2': 'v1'}), ('3888a3a085a0b78f43d9ad9257fb94cd', 'MIXER', {'inlet1_MIX_(+)_inlet2_0': 'v1'})]
9722844e53ed3f50c3e82c3f8015876f
ANTLR runtime and generated code versions disagree: 4.13.2!=4.10
ANTLR runtime and generated code versions disagree: 4.13.2!=4.10
<lfr.graphmatch.matchpattern.MatchPattern object at 0x79821ec3d120>
[('inlet1', 'inlet1_MIX_(+)_inlet2_0'), ('inlet2', 'inlet1_MIX_(+)_inlet2_0'), ('inlet3', 'outlet'), ('inlet1_MIX_(+)_inlet2_0', 'outlet')]
Templates Here
Structural Template Nodes: [('v1', {})]
Structural Template Edges: []
Node v1 has the following constraints:
[]
Templates End
[('5b0789de1846a32aa239997c6b11eba8', 'PORT', {'c': 'v1'}), ('5b0789de1846a32aa239997c6b11eba8', 'PORT', {'outlet': 'v1'}), ('5b0789de1846a32aa239997c6b11eba8', 'PORT', {'inlet3': 'v1'}), ('5b0789de1846a32aa239997c6b11eba8', 'PORT', {'inlet1': 'v1'}), ('5b0789de1846a32aa239997c6b11eba8', 'PORT', {'inlet2': 'v1'}), ('3888a3a085a0b78f43d9ad9257fb94cd', 'MIXER', {'inlet1_MIX_(+)_inlet2_0': 'v1'})]
914238687115aa147b97e8d5533e886c
ANTLR runtime and generated code versions disagree: 4.13.2!=4.10
ANTLR runtime and generated code versions disagree: 4.13.2!=4.10
<lfr.graphmatch.matchpattern.MatchPattern object at 0x79821ec3cc70>
[('inlet1', 'inlet1_MIX_(+)_inlet2_0'), ('inlet2', 'inlet1_MIX_(+)_inlet2_0'), ('inlet3', 'outlet'), ('inlet1_MIX_(+)_inlet2_0', 'outlet')]
Templates Here
Structural Template Nodes: [('v1', {})]
Structural Template Edges: []
Node v1 has the following constraints:
[]
Templates End
[('5b0789de1846a32aa239997c6b11eba8', 'PORT', {'c': 'v1'}), ('5b0789de1846a32aa239997c6b11eba8', 'PORT', {'outlet': 'v1'}), ('5b0789de1846a32aa239997c6b11eba8', 'PORT', {'inlet3': 'v1'}), ('5b0789de1846a32aa239997c6b11eba8', 'PORT', {'inlet1': 'v1'}), ('5b0789de1846a32aa239997c6b11eba8', 'PORT', {'inlet2': 'v1'}), ('3888a3a085a0b78f43d9ad9257fb94cd', 'MIXER', {'inlet1_MIX_(+)_inlet2_0': 'v1'})]
d886b57db1ce64cdc693b482957a8fe2
ANTLR runtime and generated code versions disagree: 4.13.2!=4.10
ANTLR runtime and generated code versions disagree: 4.13.2!=4.10
<lfr.graphmatch.matchpattern.MatchPattern object at 0x7982329bce20>
[('inlet1', 'inlet1_MIX_(+)_inlet2_0'), ('inlet2', 'inlet1_MIX_(+)_inlet2_0'), ('inlet3', 'outlet'), ('inlet1_MIX_(+)_inlet2_0', 'outlet')]
Templates Here
Structural Template Nodes: [('v1', {})]
Structural Template Edges: []
Node v1 has the following constraints:
[]
Templates End
[('5b0789de1846a32aa239997c6b11eba8', 'PORT', {'c': 'v1'}), ('5b0789de1846a32aa239997c6b11eba8', 'PORT', {'outlet': 'v1'}), ('5b0789de1846a32aa239997c6b11eba8', 'PORT', {'inlet3': 'v1'}), ('5b0789de1846a32aa239997c6b11eba8', 'PORT', {'inlet1': 'v1'}), ('5b0789de1846a32aa239997c6b11eba8', 'PORT', {'inlet2': 'v1'}), ('3888a3a085a0b78f43d9ad9257fb94cd', 'MIXER', {'inlet1_MIX_(+)_inlet2_0': 'v1'})]
d949473e8c28c7624371eb1477dc026b
ANTLR runtime and generated code versions disagree: 4.13.2!=4.10
ANTLR runtime and generated code versions disagree: 4.13.2!=4.10
<lfr.graphmatch.matchpattern.MatchPattern object at 0x79821ebf6e60>
[('inlet1', 'inlet1_MIX_(+)_inlet2_0'), ('inlet2', 'inlet1_MIX_(+)_inlet2_0'), ('inlet3', 'outlet'), ('inlet1_MIX_(+)_inlet2_0', 'outlet')]
Templates Here
Structural Template Nodes: [('v1', {})]
Structural Template Edges: []
Node v1 has the following constraints:
[]
Templates End
[('5b0789de1846a32aa239997c6b11eba8', 'PORT', {'c': 'v1'}), ('5b0789de1846a32aa239997c6b11eba8', 'PORT', {'outlet': 'v1'}), ('5b0789de1846a32aa239997c6b11eba8', 'PORT', {'inlet3': 'v1'}), ('5b0789de1846a32aa239997c6b11eba8', 'PORT', {'inlet1': 'v1'}), ('5b0789de1846a32aa239997c6b11eba8', 'PORT', {'inlet2': 'v1'}), ('3888a3a085a0b78f43d9ad9257fb94cd', 'MIXER', {'inlet1_MIX_(+)_inlet2_0': 'v1'})]
cdea77c5343e10aa9ebcb993ab494b7b
ANTLR runtime and generated code versions disagree: 4.13.2!=4.10
ANTLR runtime and generated code versions disagree: 4.13.2!=4.10
<lfr.graphmatch.matchpattern.MatchPattern object at 0x79821ebf6800>
[('inlet1', 'inlet1_MIX_(+)_inlet2_0'), ('inlet2', 'inlet1_MIX_(+)_inlet2_0'), ('inlet3', 'outlet'), ('inlet1_MIX_(+)_inlet2_0', 'outlet')]
Templates Here
Structural Template Nodes: [('v1', {})]
Structural Template Edges: []
Node v1 has the following constraints:
[]
Templates End
[('5b0789de1846a32aa239997c6b11eba8', 'PORT', {'c': 'v1'}), ('5b0789de1846a32aa239997c6b11eba8', 'PORT', {'outlet': 'v1'}), ('5b0789de1846a32aa239997c6b11eba8', 'PORT', {'inlet3': 'v1'}), ('5b0789de1846a32aa239997c6b11eba8', 'PORT', {'inlet1': 'v1'}), ('5b0789de1846a32aa239997c6b11eba8', 'PORT', {'inlet2': 'v1'}), ('3888a3a085a0b78f43d9ad9257fb94cd', 'MIXER', {'inlet1_MIX_(+)_inlet2_0': 'v1'})]
ddafeac84b5c1d4256c02be0327aad6b
ANTLR runtime and generated code versions disagree: 4.13.2!=4.10
ANTLR runtime and generated code versions disagree: 4.13.2!=4.10
<lfr.graphmatch.matchpattern.MatchPattern object at 0x79821ebf7eb0>
[('inlet1', 'inlet1_MIX_(+)_inlet2_0'), ('inlet2', 'inlet1_MIX_(+)_inlet2_0'), ('inlet3', 'outlet'), ('inlet1_MIX_(+)_inlet2_0', 'outlet')]
Templates Here
Structural Template Nodes: [('v1', {})]
Structural Template Edges: []
Node v1 has the following constraints:
[]
Templates End
[('5b0789de1846a32aa239997c6b11eba8', 'PORT', {'c': 'v1'}), ('5b0789de1846a32aa239997c6b11eba8', 'PORT', {'outlet': 'v1'}), ('5b0789de1846a32aa239997c6b11eba8', 'PORT', {'inlet3': 'v1'}), ('5b0789de1846a32aa239997c6b11eba8', 'PORT', {'inlet1': 'v1'}), ('5b0789de1846a32aa239997c6b11eba8', 'PORT', {'inlet2': 'v1'}), ('3888a3a085a0b78f43d9ad9257fb94cd', 'MIXER', {'inlet1_MIX_(+)_inlet2_0': 'v1'})]
cd9f240e7e4fed74b91aa6e3b94eec01
ANTLR runtime and generated code versions disagree: 4.13.2!=4.10
ANTLR runtime and generated code versions disagree: 4.13.2!=4.10
<lfr.graphmatch.matchpattern.MatchPattern object at 0x79821ec3ce80>
[('inlet1', 'inlet1_MIX_(+)_inlet2_0'), ('inlet2', 'inlet1_MIX_(+)_inlet2_0'), ('inlet3', 'outlet'), ('inlet1_MIX_(+)_inlet2_0', 'outlet')]
Templates Here
Structural Template Nodes: [('v1', {})]
Structural Template Edges: []
Node v1 has the following constraints:
[]
Templates End
[('5b0789de1846a32aa239997c6b11eba8', 'PORT', {'c': 'v1'}), ('5b0789de1846a32aa239997c6b11eba8', 'PORT', {'outlet': 'v1'}), ('5b0789de1846a32aa239997c6b11eba8', 'PORT', {'inlet3': 'v1'}), ('5b0789de1846a32aa239997c6b11eba8', 'PORT', {'inlet1': 'v1'}), ('5b0789de1846a32aa239997c6b11eba8', 'PORT', {'inlet2': 'v1'}), ('3888a3a085a0b78f43d9ad9257fb94cd', 'MIXER', {'inlet1_MIX_(+)_inlet2_0': 'v1'})]
26f0a16b9d1878f24029199874cd778b
ANTLR runtime and generated code versions disagree: 4.13.2!=4.10
ANTLR runtime and generated code versions disagree: 4.13.2!=4.10
<lfr.graphmatch.matchpattern.MatchPattern object at 0x79821ec3d270>
[('inlet1', 'inlet1_MIX_(+)_inlet2_0'), ('inlet2', 'inlet1_MIX_(+)_inlet2_0'), ('inlet3', 'outlet'), ('inlet1_MIX_(+)_inlet2_0', 'outlet')]
Templates Here
Structural Template Nodes: [('v1', {})]
Structural Template Edges: []
Node v1 has the following constraints:
[]
Templates End
[('5b0789de1846a32aa239997c6b11eba8', 'PORT', {'c': 'v1'}), ('5b0789de1846a32aa239997c6b11eba8', 'PORT', {'outlet': 'v1'}), ('5b0789de1846a32aa239997c6b11eba8', 'PORT', {'inlet3': 'v1'}), ('5b0789de1846a32aa239997c6b11eba8', 'PORT', {'inlet1': 'v1'}), ('5b0789de1846a32aa239997c6b11eba8', 'PORT', {'inlet2': 'v1'}), ('3888a3a085a0b78f43d9ad9257fb94cd', 'MIXER', {'inlet1_MIX_(+)_inlet2_0': 'v1'})]
c9770124d971f8583173f0dd28b4017b
ANTLR runtime and generated code versions disagree: 4.13.2!=4.10
ANTLR runtime and generated code versions disagree: 4.13.2!=4.10
<lfr.graphmatch.matchpattern.MatchPattern object at 0x79821ec3d120>
[('inlet1', 'inlet1_MIX_(+)_inlet2_0'), ('inlet2', 'inlet1_MIX_(+)_inlet2_0'), ('inlet3', 'outlet'), ('inlet1_MIX_(+)_inlet2_0', 'outlet')]
Templates Here
Structural Template Nodes: [('v1', {})]
Structural Template Edges: []
Node v1 has the following constraints:
[]
Templates End
[('5b0789de1846a32aa239997c6b11eba8', 'PORT', {'c': 'v1'}), ('5b0789de1846a32aa239997c6b11eba8', 'PORT', {'outlet': 'v1'}), ('5b0789de1846a32aa239997c6b11eba8', 'PORT', {'inlet3': 'v1'}), ('5b0789de1846a32aa239997c6b11eba8', 'PORT', {'inlet1': 'v1'}), ('5b0789de1846a32aa239997c6b11eba8', 'PORT', {'inlet2': 'v1'}), ('3888a3a085a0b78f43d9ad9257fb94cd', 'MIXER', {'inlet1_MIX_(+)_inlet2_0': 'v1'})]
09781c385e672251742ca6cc07e56759
ANTLR runtime and generated code versions disagree: 4.13.2!=4.10
ANTLR runtime and generated code versions disagree: 4.13.2!=4.10
<lfr.graphmatch.matchpattern.MatchPattern object at 0x79821ec3c490>
[('inlet1', 'inlet1_MIX_(+)_inlet2_0'), ('inlet2', 'inlet1_MIX_(+)_inlet2_0'), ('inlet3', 'outlet'), ('inlet1_MIX_(+)_inlet2_0', 'outlet')]
Templates Here
Structural Template Nodes: [('v1', {})]
Structural Template Edges: []
Node v1 has the following constraints:
[]
Templates End
[('5b0789de1846a32aa239997c6b11eba8', 'PORT', {'c': 'v1'}), ('5b0789de1846a32aa239997c6b11eba8', 'PORT', {'outlet': 'v1'}), ('5b0789de1846a32aa239997c6b11eba8', 'PORT', {'inlet3': 'v1'}), ('5b0789de1846a32aa239997c6b11eba8', 'PORT', {'inlet1': 'v1'}), ('5b0789de1846a32aa239997c6b11eba8', 'PORT', {'inlet2': 'v1'}), ('3888a3a085a0b78f43d9ad9257fb94cd', 'MIXER', {'inlet1_MIX_(+)_inlet2_0': 'v1'})]
1159f8c0f6837f1916dd1b43d142fa9d
ANTLR runtime and generated code versions disagree: 4.13.2!=4.10
ANTLR runtime and generated code versions disagree: 4.13.2!=4.10
<lfr.graphmatch.matchpattern.MatchPattern object at 0x79821ec3c790>
[('inlet1', 'inlet1_MIX_(+)_inlet2_0'), ('inlet2', 'inlet1_MIX_(+)_inlet2_0'), ('inlet3', 'outlet'), ('inlet1_MIX_(+)_inlet2_0', 'outlet')]
Templates Here
Structural Template Nodes: [('v1', {})]
Structural Template Edges: []
Node v1 has the following constraints:
[]
Templates End
[('5b0789de1846a32aa239997c6b11eba8', 'PORT', {'c': 'v1'}), ('5b0789de1846a32aa239997c6b11eba8', 'PORT', {'outlet': 'v1'}), ('5b0789de1846a32aa239997c6b11eba8', 'PORT', {'inlet3': 'v1'}), ('5b0789de1846a32aa239997c6b11eba8', 'PORT', {'inlet1': 'v1'}), ('5b0789de1846a32aa239997c6b11eba8', 'PORT', {'inlet2': 'v1'}), ('3888a3a085a0b78f43d9ad9257fb94cd', 'MIXER', {'inlet1_MIX_(+)_inlet2_0': 'v1'})]
feb0fbd9a78edd7b903246b2de78427e
Warning ! - Missing match string for mint- feb0fbd9a78edd7b903246b2de78427e
[('5b0789de1846a32aa239997c6b11eba8', 'PORT', {'c': 'v1'}), ('5b0789de1846a32aa239997c6b11eba8', 'PORT', {'outlet': 'v1'}), ('5b0789de1846a32aa239997c6b11eba8', 'PORT', {'inlet3': 'v1'}), ('5b0789de1846a32aa239997c6b11eba8', 'PORT', {'inlet1': 'v1'}), ('5b0789de1846a32aa239997c6b11eba8', 'PORT', {'inlet2': 'v1'}), ('3888a3a085a0b78f43d9ad9257fb94cd', 'MIXER', {'inlet1_MIX_(+)_inlet2_0': 'v1'})]
f52e9c50a060add65a035429b2a22229
Warning ! - Missing match string for mint- f52e9c50a060add65a035429b2a22229
Ret here
[('5b0789de1846a32aa239997c6b11eba8', 'PORT', {'c': 'v1'}), ('5b0789de1846a32aa239997c6b11eba8', 'PORT', {'outlet': 'v1'}), ('5b0789de1846a32aa239997c6b11eba8', 'PORT', {'inlet3': 'v1'}), ('5b0789de1846a32aa239997c6b11eba8', 'PORT', {'inlet1': 'v1'}), ('5b0789de1846a32aa239997c6b11eba8', 'PORT', {'inlet2': 'v1'}), ('3888a3a085a0b78f43d9ad9257fb94cd', 'MIXER', {'inlet1_MIX_(+)_inlet2_0': 'v1'})]
Total Matches against library : 6
Start of Matches
('5b0789de1846a32aa239997c6b11eba8', 'PORT', {'c': 'v1'})
('5b0789de1846a32aa239997c6b11eba8', 'PORT', {'outlet': 'v1'})
('5b0789de1846a32aa239997c6b11eba8', 'PORT', {'inlet3': 'v1'})
('5b0789de1846a32aa239997c6b11eba8', 'PORT', {'inlet1': 'v1'})
('5b0789de1846a32aa239997c6b11eba8', 'PORT', {'inlet2': 'v1'})
('3888a3a085a0b78f43d9ad9257fb94cd', 'MIXER', {'inlet1_MIX_(+)_inlet2_0': 'v1'})
End of matches
Total matches against library after explicit mapping eliminations: 6
{'c'}
{'outlet'}
{'inlet3'}
{'inlet1'}
{'inlet2'}
{'inlet1_MIX_(+)_inlet2_0'}
Moving Max Set Cover to the front: [{'c'}, {'outlet'}, {'inlet3'}, {'inlet1'}, {'inlet2'}, {'inlet1_MIX_(+)_inlet2_0'}]
c
inlet1_MIX_(+)_inlet2_0
inlet3
inlet1
inlet2
outlet
Moving Explicit Matches to the front: []
Checking Match: ('3888a3a085a0b78f43d9ad9257fb94cd', 'MIXER', {'inlet1_MIX_(+)_inlet2_0': 'v1'})
Warning: Implment how the connecting option is mapped to match string node
Warning: Implment how the connecting option is mapped to match string node
Warning: Implment how the connecting option is mapped to match string node
Warning: Implment how the connecting option is mapped to match string node
Adding node cn_mixer_1 to variant variant_0
Checking Match: ('5b0789de1846a32aa239997c6b11eba8', 'PORT', {'inlet2': 'v1'})
Warning: Implment how the connecting option is mapped to match string node
Warning: Implment how the connecting option is mapped to match string node
Warning: Implment how the connecting option is mapped to match string node
Warning: Implment how the connecting option is mapped to match string node
Adding node cn_port_1 to variant variant_0
Checking Match: ('5b0789de1846a32aa239997c6b11eba8', 'PORT', {'inlet1': 'v1'})
Warning: Implment how the connecting option is mapped to match string node
Warning: Implment how the connecting option is mapped to match string node
Warning: Implment how the connecting option is mapped to match string node
Warning: Implment how the connecting option is mapped to match string node
Adding node cn_port_2 to variant variant_0
Checking Match: ('5b0789de1846a32aa239997c6b11eba8', 'PORT', {'inlet3': 'v1'})
Warning: Implment how the connecting option is mapped to match string node
Warning: Implment how the connecting option is mapped to match string node
Warning: Implment how the connecting option is mapped to match string node
Warning: Implment how the connecting option is mapped to match string node
Adding node cn_port_3 to variant variant_0
Checking Match: ('5b0789de1846a32aa239997c6b11eba8', 'PORT', {'outlet': 'v1'})
Warning: Implment how the connecting option is mapped to match string node
Warning: Implment how the connecting option is mapped to match string node
Warning: Implment how the connecting option is mapped to match string node
Warning: Implment how the connecting option is mapped to match string node
Adding node cn_port_4 to variant variant_0
Checking Match: ('5b0789de1846a32aa239997c6b11eba8', 'PORT', {'c': 'v1'})
Variant variant_0:
cn_mixer_1
cn_port_1
cn_port_2
cn_port_3
cn_port_4
File Path: /home/cidar-ron/Downloads/Neptune_2026/Microfluidics-Benchmarks/Results/Quick_Examples/flow_and_control_demo/flow_and_control_demo/variant_0_construction.dot
Connected Nodes
cn_mixer_1
cn_port_4
Connected Nodes
cn_port_1
cn_mixer_1
Connected Nodes
cn_port_2
cn_mixer_1
Connected Nodes
cn_port_3
cn_port_4
Nodes to Traverse: <generator object dfs_preorder_nodes.<locals>.<genexpr> at 0x79821ebcf7d0>
Pulling Default Values of Components
Deleted unsupported param "position" from component mixer_1 : MIXER
Deleted unsupported param "position" from component port_1 : PORT
Deleted unsupported param "position" from component port_2 : PORT
Deleted unsupported param "position" from component port_3 : PORT
Deleted unsupported param "position" from component port_4 : PORT
Deleted unsupported param "position" from component Cport_0 : PORT
Deleted unsupported param "position" from component valve_0 : VALVE3D
Deleted unsupported param "controlPort" from component valve_0 : VALVE3D
Deleted unsupported param "position" from component Cport_1 : PORT
Deleted unsupported param "position" from component valve_1 : VALVE3D
Deleted unsupported param "controlPort" from component valve_1 : VALVE3D
Pulling Dimensions of Components
Pulling Terminals of Components
/home/cidar-ron/Downloads/Neptune_2026/Microfluidics-Benchmarks/Results/Quick_Examples/flow_and_control_demo/flow_and_control_demo/variant_0
output dir: Microfluidics-Benchmarks/Results/Quick_Examples/flow_and_control_demo
Running File: Microfluidics-Benchmarks/Results/Quick_Examples/flow_and_control_demo/flow_and_control_demo_fromLFR.json
Starting terminal/port assignment ...
Reducing the Size of the device and adding device padding: 20000 um
Updated the device dimensions: (114060, 64860) microns
Completed simple linear placement fallback.
Wrote: /home/cidar-ron/Downloads/Neptune_2026/Microfluidics-Benchmarks/Results/Quick_Examples/flow_and_control_demo/flow_and_control_demo_fromLFR_PR.json
✓ LFR synthesis + placed/routed under ./Microfluidics-Benchmarks/Results/Quick_Examples/flow_and_control_demo
>> synthesize: ./Microfluidics-Benchmarks/Quick_Examples/flow_only_demo.lfr (variant 0)
line 2:25 extraneous input 'CHAMBER' expecting {',', '}'}
 _____ _       _       _ 
|  ___| |_   _(_) __ _(_)
| |_  | | | | | |/ _` | |
|  _| | | |_| | | (_| | |
|_|   |_|\__,_|_|\__, |_|
                 |___/   

['/home/cidar-ron/Downloads/Neptune_2026/pylfr/library', './Microfluidics-Benchmarks/Quick_Examples']
Loading all LFR Files from lib Directories:
-- Loading form path /home/cidar-ron/Downloads/Neptune_2026/pylfr/library
Storing into library: /home/cidar-ron/Downloads/Neptune_2026/pylfr/library/default-modules/mux.lfr
Storing into library: /home/cidar-ron/Downloads/Neptune_2026/pylfr/library/default-modules/tree.lfr
Storing into library: /home/cidar-ron/Downloads/Neptune_2026/pylfr/library/default-modules/port.lfr
Storing into library: /home/cidar-ron/Downloads/Neptune_2026/pylfr/library/default-modules/picoinjector.lfr
Storing into library: /home/cidar-ron/Downloads/Neptune_2026/pylfr/library/default-modules/mixer.lfr
Storing into library: /home/cidar-ron/Downloads/Neptune_2026/pylfr/library/default-modules/valve.lfr
Storing into library: /home/cidar-ron/Downloads/Neptune_2026/pylfr/library/default-modules/nozzle_droplet_generator.lfr
Storing into library: /home/cidar-ron/Downloads/Neptune_2026/pylfr/library/default-modules/channel.lfr
Storing into library: /home/cidar-ron/Downloads/Neptune_2026/pylfr/library/default-modules/reaction_chamber.lfr
-- Loading form path ./Microfluidics-Benchmarks/Quick_Examples
Storing into library: /home/cidar-ron/Downloads/Neptune_2026/Microfluidics-Benchmarks/Quick_Examples/flow_and_control_demo.lfr
Storing into library: /home/cidar-ron/Downloads/Neptune_2026/Microfluidics-Benchmarks/Quick_Examples/import_droplet_reaction.lfr
Storing into library: /home/cidar-ron/Downloads/Neptune_2026/Microfluidics-Benchmarks/Quick_Examples/import_mixer_and_incubator.lfr
Storing into library: /home/cidar-ron/Downloads/Neptune_2026/Microfluidics-Benchmarks/Quick_Examples/flow_only_demo.lfr
Storing into library: /home/cidar-ron/Downloads/Neptune_2026/Microfluidics-Benchmarks/Quick_Examples/import_parallel_premix.lfr
Storing into library: /home/cidar-ron/Downloads/Neptune_2026/Microfluidics-Benchmarks/Quick_Examples/library/two_in_mixer.lfr
Storing into library: /home/cidar-ron/Downloads/Neptune_2026/Microfluidics-Benchmarks/Quick_Examples/library/three_in_mixer.lfr
Storing into library: /home/cidar-ron/Downloads/Neptune_2026/Microfluidics-Benchmarks/Quick_Examples/library/droplet_generator.lfr
Storing into library: /home/cidar-ron/Downloads/Neptune_2026/Microfluidics-Benchmarks/Quick_Examples/library/incubator.lfr
Input Path: /home/cidar-ron/Downloads/Neptune_2026/Microfluidics-Benchmarks/Quick_Examples/flow_only_demo.lfr
File: /home/cidar-ron/Downloads/Neptune_2026/Microfluidics-Benchmarks/Quick_Examples/flow_only_demo.lfr
ANTLR runtime and generated code versions disagree: 4.13.2!=4.10.1
ANTLR runtime and generated code versions disagree: 4.13.2!=4.10.1
['flow_only_demo.lfr']
output dir: Microfluidics-Benchmarks/Results/Quick_Examples/flow_only_demo
('./Microfluidics-Benchmarks/Quick_Examples/flow_only_demo.lfr',)
ANTLR runtime and generated code versions disagree: 4.13.2!=4.10.1
ANTLR runtime and generated code versions disagree: 4.13.2!=4.10.1
Initialized the lfrcompiler
Performing operation: <VectorRange::Vector - inlet_1 [0 : 0]> + <VectorRange::Vector - inlet_2 [0 : 0]>
Creating a vector of type [None]
LHS, RHS sizes are equal
FLOW - inlet_1_MIX_(+)_inlet_2_0 IO - Name: outlet_1, Type : IOType.FLOW_OUTPUT
<class 'lfr.fig.interaction.FluidFluidInteraction'>
+
Name : flow_only_demo
Name: inlet_1, Type : IOType.FLOW_INPUT
Name: inlet_2, Type : IOType.FLOW_INPUT
Name: outlet_1, Type : IOType.FLOW_OUTPUT

---Top of Stack---
---Bottom of Stack---
output: /home/cidar-ron/Downloads/Neptune_2026/Microfluidics-Benchmarks/Results/Quick_Examples/flow_only_demo/flow_only_demo
output: /home/cidar-ron/Downloads/Neptune_2026/Microfluidics-Benchmarks/Results/Quick_Examples/flow_only_demo/flow_only_demo/flow_only_demo.dot
output: /home/cidar-ron/Downloads/Neptune_2026/Microfluidics-Benchmarks/Results/Quick_Examples/flow_only_demo/flow_only_demo
output: /home/cidar-ron/Downloads/Neptune_2026/Microfluidics-Benchmarks/Results/Quick_Examples/flow_only_demo/flow_only_demo/flow_only_demo_FIG.dot
output: /home/cidar-ron/Downloads/Neptune_2026/Microfluidics-Benchmarks/Results/Quick_Examples/flow_only_demo/flow_only_demo
output: /home/cidar-ron/Downloads/Neptune_2026/Microfluidics-Benchmarks/Results/Quick_Examples/flow_only_demo/flow_only_demo/flow_only_demo_FIG_simplified.dot
[]
('6fc35c7c22084cae72e62a0163574d8c', 'REACTION CHAMBER', '{\n            v1: REACTION CHAMBER\n        }')
('5b0789de1846a32aa239997c6b11eba8', 'PORT', '{\n            v1:IO\n        }')
('3888a3a085a0b78f43d9ad9257fb94cd', 'MIXER', '{\n            v1:MIX\n        }')
('d1781b16b1ea9b97644d83f5671ba40d', 'MIXER', '{\n            v1:DILUTE\n        }')
('8330be665ac09c4b528fb673eaf54323', 'PICOINJECTOR', '{\n            v1:MIX\n        }')
('588c06b63717d489f484abec4d043630', 'DROPLET MERGER', '{\n            v1:MIX\n        }')
('5cd84e8394bf8d6c20a6333d70b59771', 'DROPLET SORTER', '{\n            v1:SIEVE\n        }')
('9722844e53ed3f50c3e82c3f8015876f', 'NOZZLE DROPLET GENERATOR', '{\n            v1:METER\n        }')
('914238687115aa147b97e8d5533e886c', 'DROPLET MERGER JUNCTION', '{\n            v1:MIX\n        }')
('d886b57db1ce64cdc693b482957a8fe2', 'DROPLET MERGER CHANNEL', '{\n            v1:MIX\n        }')
('d949473e8c28c7624371eb1477dc026b', 'DROPLET SPLITTER', '{\n            v1:DIVIDE\n        }')
('cdea77c5343e10aa9ebcb993ab494b7b', 'DROPLET CAPACITANCE SENSOR', '{\n            v1:PROCESS\n        }')
('ddafeac84b5c1d4256c02be0327aad6b', 'SQUARE CELL TRAP', '{\n            v1:STORAGE\n        }')
('cd9f240e7e4fed74b91aa6e3b94eec01', 'LONG CELL TRAPPER', '{\n            v1:STORAGE\n        }')
('26f0a16b9d1878f24029199874cd778b', 'FILTER', '{\n            v1:PROCESS\n        }')
('c9770124d971f8583173f0dd28b4017b', 'DROPLET FLUORESCENCE SENSOR', '{\n            v1:PROCESS\n        }')
('09781c385e672251742ca6cc07e56759', 'DROPLET LUMINESCENCE SENSOR', '{\n            v1:PROCESS\n        }')
('1159f8c0f6837f1916dd1b43d142fa9d', 'DROPLET SPACER', '{\n            v1:PROCESS\n        }')
('feb0fbd9a78edd7b903246b2de78427e', 'YTREE', '')
('f52e9c50a060add65a035429b2a22229', 'CHANNEL', '')
[]
6fc35c7c22084cae72e62a0163574d8c
ANTLR runtime and generated code versions disagree: 4.13.2!=4.10
ANTLR runtime and generated code versions disagree: 4.13.2!=4.10
<lfr.graphmatch.matchpattern.MatchPattern object at 0x7a707cdcb9d0>
[('inlet_1', 'inlet_1_MIX_(+)_inlet_2_0'), ('inlet_2', 'inlet_1_MIX_(+)_inlet_2_0'), ('inlet_1_MIX_(+)_inlet_2_0', 'outlet_1')]
Templates Here
Structural Template Nodes: [('v1', {})]
Structural Template Edges: []
Node v1 has the following constraints:
[]
Templates End
[]
5b0789de1846a32aa239997c6b11eba8
ANTLR runtime and generated code versions disagree: 4.13.2!=4.10
ANTLR runtime and generated code versions disagree: 4.13.2!=4.10
<lfr.graphmatch.matchpattern.MatchPattern object at 0x7a706647ccd0>
[('inlet_1', 'inlet_1_MIX_(+)_inlet_2_0'), ('inlet_2', 'inlet_1_MIX_(+)_inlet_2_0'), ('inlet_1_MIX_(+)_inlet_2_0', 'outlet_1')]
Templates Here
Structural Template Nodes: [('v1', {})]
Structural Template Edges: []
Node v1 has the following constraints:
[]
Templates End
Found Match: 5b0789de1846a32aa239997c6b11eba8
{'inlet_1': 'v1'}
Found Match: 5b0789de1846a32aa239997c6b11eba8
{'inlet_2': 'v1'}
Found Match: 5b0789de1846a32aa239997c6b11eba8
{'outlet_1': 'v1'}
[('5b0789de1846a32aa239997c6b11eba8', 'PORT', {'inlet_1': 'v1'}), ('5b0789de1846a32aa239997c6b11eba8', 'PORT', {'inlet_2': 'v1'}), ('5b0789de1846a32aa239997c6b11eba8', 'PORT', {'outlet_1': 'v1'})]
3888a3a085a0b78f43d9ad9257fb94cd
ANTLR runtime and generated code versions disagree: 4.13.2!=4.10
ANTLR runtime and generated code versions disagree: 4.13.2!=4.10
<lfr.graphmatch.matchpattern.MatchPattern object at 0x7a707cdcbaf0>
[('inlet_1', 'inlet_1_MIX_(+)_inlet_2_0'), ('inlet_2', 'inlet_1_MIX_(+)_inlet_2_0'), ('inlet_1_MIX_(+)_inlet_2_0', 'outlet_1')]
Templates Here
Structural Template Nodes: [('v1', {})]
Structural Template Edges: []
Node v1 has the following constraints:
[]
Templates End
Found Match: 3888a3a085a0b78f43d9ad9257fb94cd
{'inlet_1_MIX_(+)_inlet_2_0': 'v1'}
[('5b0789de1846a32aa239997c6b11eba8', 'PORT', {'inlet_1': 'v1'}), ('5b0789de1846a32aa239997c6b11eba8', 'PORT', {'inlet_2': 'v1'}), ('5b0789de1846a32aa239997c6b11eba8', 'PORT', {'outlet_1': 'v1'}), ('3888a3a085a0b78f43d9ad9257fb94cd', 'MIXER', {'inlet_1_MIX_(+)_inlet_2_0': 'v1'})]
d1781b16b1ea9b97644d83f5671ba40d
ANTLR runtime and generated code versions disagree: 4.13.2!=4.10
ANTLR runtime and generated code versions disagree: 4.13.2!=4.10
<lfr.graphmatch.matchpattern.MatchPattern object at 0x7a706647c790>
[('inlet_1', 'inlet_1_MIX_(+)_inlet_2_0'), ('inlet_2', 'inlet_1_MIX_(+)_inlet_2_0'), ('inlet_1_MIX_(+)_inlet_2_0', 'outlet_1')]
Templates Here
Structural Template Nodes: [('v1', {})]
Structural Template Edges: []
Node v1 has the following constraints:
[]
Templates End
[('5b0789de1846a32aa239997c6b11eba8', 'PORT', {'inlet_1': 'v1'}), ('5b0789de1846a32aa239997c6b11eba8', 'PORT', {'inlet_2': 'v1'}), ('5b0789de1846a32aa239997c6b11eba8', 'PORT', {'outlet_1': 'v1'}), ('3888a3a085a0b78f43d9ad9257fb94cd', 'MIXER', {'inlet_1_MIX_(+)_inlet_2_0': 'v1'})]
8330be665ac09c4b528fb673eaf54323
ANTLR runtime and generated code versions disagree: 4.13.2!=4.10
ANTLR runtime and generated code versions disagree: 4.13.2!=4.10
<lfr.graphmatch.matchpattern.MatchPattern object at 0x7a706647d300>
[('inlet_1', 'inlet_1_MIX_(+)_inlet_2_0'), ('inlet_2', 'inlet_1_MIX_(+)_inlet_2_0'), ('inlet_1_MIX_(+)_inlet_2_0', 'outlet_1')]
Templates Here
Structural Template Nodes: [('v1', {})]
Structural Template Edges: []
Node v1 has the following constraints:
[]
Templates End
[('5b0789de1846a32aa239997c6b11eba8', 'PORT', {'inlet_1': 'v1'}), ('5b0789de1846a32aa239997c6b11eba8', 'PORT', {'inlet_2': 'v1'}), ('5b0789de1846a32aa239997c6b11eba8', 'PORT', {'outlet_1': 'v1'}), ('3888a3a085a0b78f43d9ad9257fb94cd', 'MIXER', {'inlet_1_MIX_(+)_inlet_2_0': 'v1'})]
588c06b63717d489f484abec4d043630
ANTLR runtime and generated code versions disagree: 4.13.2!=4.10
ANTLR runtime and generated code versions disagree: 4.13.2!=4.10
<lfr.graphmatch.matchpattern.MatchPattern object at 0x7a706647d6c0>
[('inlet_1', 'inlet_1_MIX_(+)_inlet_2_0'), ('inlet_2', 'inlet_1_MIX_(+)_inlet_2_0'), ('inlet_1_MIX_(+)_inlet_2_0', 'outlet_1')]
Templates Here
Structural Template Nodes: [('v1', {})]
Structural Template Edges: []
Node v1 has the following constraints:
[]
Templates End
[('5b0789de1846a32aa239997c6b11eba8', 'PORT', {'inlet_1': 'v1'}), ('5b0789de1846a32aa239997c6b11eba8', 'PORT', {'inlet_2': 'v1'}), ('5b0789de1846a32aa239997c6b11eba8', 'PORT', {'outlet_1': 'v1'}), ('3888a3a085a0b78f43d9ad9257fb94cd', 'MIXER', {'inlet_1_MIX_(+)_inlet_2_0': 'v1'})]
5cd84e8394bf8d6c20a6333d70b59771
ANTLR runtime and generated code versions disagree: 4.13.2!=4.10
ANTLR runtime and generated code versions disagree: 4.13.2!=4.10
<lfr.graphmatch.matchpattern.MatchPattern object at 0x7a706647ddb0>
[('inlet_1', 'inlet_1_MIX_(+)_inlet_2_0'), ('inlet_2', 'inlet_1_MIX_(+)_inlet_2_0'), ('inlet_1_MIX_(+)_inlet_2_0', 'outlet_1')]
Templates Here
Structural Template Nodes: [('v1', {})]
Structural Template Edges: []
Node v1 has the following constraints:
[]
Templates End
[('5b0789de1846a32aa239997c6b11eba8', 'PORT', {'inlet_1': 'v1'}), ('5b0789de1846a32aa239997c6b11eba8', 'PORT', {'inlet_2': 'v1'}), ('5b0789de1846a32aa239997c6b11eba8', 'PORT', {'outlet_1': 'v1'}), ('3888a3a085a0b78f43d9ad9257fb94cd', 'MIXER', {'inlet_1_MIX_(+)_inlet_2_0': 'v1'})]
9722844e53ed3f50c3e82c3f8015876f
ANTLR runtime and generated code versions disagree: 4.13.2!=4.10
ANTLR runtime and generated code versions disagree: 4.13.2!=4.10
<lfr.graphmatch.matchpattern.MatchPattern object at 0x7a706647e260>
[('inlet_1', 'inlet_1_MIX_(+)_inlet_2_0'), ('inlet_2', 'inlet_1_MIX_(+)_inlet_2_0'), ('inlet_1_MIX_(+)_inlet_2_0', 'outlet_1')]
Templates Here
Structural Template Nodes: [('v1', {})]
Structural Template Edges: []
Node v1 has the following constraints:
[]
Templates End
[('5b0789de1846a32aa239997c6b11eba8', 'PORT', {'inlet_1': 'v1'}), ('5b0789de1846a32aa239997c6b11eba8', 'PORT', {'inlet_2': 'v1'}), ('5b0789de1846a32aa239997c6b11eba8', 'PORT', {'outlet_1': 'v1'}), ('3888a3a085a0b78f43d9ad9257fb94cd', 'MIXER', {'inlet_1_MIX_(+)_inlet_2_0': 'v1'})]
914238687115aa147b97e8d5533e886c
ANTLR runtime and generated code versions disagree: 4.13.2!=4.10
ANTLR runtime and generated code versions disagree: 4.13.2!=4.10
<lfr.graphmatch.matchpattern.MatchPattern object at 0x7a706647da20>
[('inlet_1', 'inlet_1_MIX_(+)_inlet_2_0'), ('inlet_2', 'inlet_1_MIX_(+)_inlet_2_0'), ('inlet_1_MIX_(+)_inlet_2_0', 'outlet_1')]
Templates Here
Structural Template Nodes: [('v1', {})]
Structural Template Edges: []
Node v1 has the following constraints:
[]
Templates End
[('5b0789de1846a32aa239997c6b11eba8', 'PORT', {'inlet_1': 'v1'}), ('5b0789de1846a32aa239997c6b11eba8', 'PORT', {'inlet_2': 'v1'}), ('5b0789de1846a32aa239997c6b11eba8', 'PORT', {'outlet_1': 'v1'}), ('3888a3a085a0b78f43d9ad9257fb94cd', 'MIXER', {'inlet_1_MIX_(+)_inlet_2_0': 'v1'})]
d886b57db1ce64cdc693b482957a8fe2
ANTLR runtime and generated code versions disagree: 4.13.2!=4.10
ANTLR runtime and generated code versions disagree: 4.13.2!=4.10
<lfr.graphmatch.matchpattern.MatchPattern object at 0x7a707cd824d0>
[('inlet_1', 'inlet_1_MIX_(+)_inlet_2_0'), ('inlet_2', 'inlet_1_MIX_(+)_inlet_2_0'), ('inlet_1_MIX_(+)_inlet_2_0', 'outlet_1')]
Templates Here
Structural Template Nodes: [('v1', {})]
Structural Template Edges: []
Node v1 has the following constraints:
[]
Templates End
[('5b0789de1846a32aa239997c6b11eba8', 'PORT', {'inlet_1': 'v1'}), ('5b0789de1846a32aa239997c6b11eba8', 'PORT', {'inlet_2': 'v1'}), ('5b0789de1846a32aa239997c6b11eba8', 'PORT', {'outlet_1': 'v1'}), ('3888a3a085a0b78f43d9ad9257fb94cd', 'MIXER', {'inlet_1_MIX_(+)_inlet_2_0': 'v1'})]
d949473e8c28c7624371eb1477dc026b
ANTLR runtime and generated code versions disagree: 4.13.2!=4.10
ANTLR runtime and generated code versions disagree: 4.13.2!=4.10
<lfr.graphmatch.matchpattern.MatchPattern object at 0x7a706647e260>
[('inlet_1', 'inlet_1_MIX_(+)_inlet_2_0'), ('inlet_2', 'inlet_1_MIX_(+)_inlet_2_0'), ('inlet_1_MIX_(+)_inlet_2_0', 'outlet_1')]
Templates Here
Structural Template Nodes: [('v1', {})]
Structural Template Edges: []
Node v1 has the following constraints:
[]
Templates End
[('5b0789de1846a32aa239997c6b11eba8', 'PORT', {'inlet_1': 'v1'}), ('5b0789de1846a32aa239997c6b11eba8', 'PORT', {'inlet_2': 'v1'}), ('5b0789de1846a32aa239997c6b11eba8', 'PORT', {'outlet_1': 'v1'}), ('3888a3a085a0b78f43d9ad9257fb94cd', 'MIXER', {'inlet_1_MIX_(+)_inlet_2_0': 'v1'})]
cdea77c5343e10aa9ebcb993ab494b7b
ANTLR runtime and generated code versions disagree: 4.13.2!=4.10
ANTLR runtime and generated code versions disagree: 4.13.2!=4.10
<lfr.graphmatch.matchpattern.MatchPattern object at 0x7a706647db40>
[('inlet_1', 'inlet_1_MIX_(+)_inlet_2_0'), ('inlet_2', 'inlet_1_MIX_(+)_inlet_2_0'), ('inlet_1_MIX_(+)_inlet_2_0', 'outlet_1')]
Templates Here
Structural Template Nodes: [('v1', {})]
Structural Template Edges: []
Node v1 has the following constraints:
[]
Templates End
[('5b0789de1846a32aa239997c6b11eba8', 'PORT', {'inlet_1': 'v1'}), ('5b0789de1846a32aa239997c6b11eba8', 'PORT', {'inlet_2': 'v1'}), ('5b0789de1846a32aa239997c6b11eba8', 'PORT', {'outlet_1': 'v1'}), ('3888a3a085a0b78f43d9ad9257fb94cd', 'MIXER', {'inlet_1_MIX_(+)_inlet_2_0': 'v1'})]
ddafeac84b5c1d4256c02be0327aad6b
ANTLR runtime and generated code versions disagree: 4.13.2!=4.10
ANTLR runtime and generated code versions disagree: 4.13.2!=4.10
<lfr.graphmatch.matchpattern.MatchPattern object at 0x7a706647dc60>
[('inlet_1', 'inlet_1_MIX_(+)_inlet_2_0'), ('inlet_2', 'inlet_1_MIX_(+)_inlet_2_0'), ('inlet_1_MIX_(+)_inlet_2_0', 'outlet_1')]
Templates Here
Structural Template Nodes: [('v1', {})]
Structural Template Edges: []
Node v1 has the following constraints:
[]
Templates End
[('5b0789de1846a32aa239997c6b11eba8', 'PORT', {'inlet_1': 'v1'}), ('5b0789de1846a32aa239997c6b11eba8', 'PORT', {'inlet_2': 'v1'}), ('5b0789de1846a32aa239997c6b11eba8', 'PORT', {'outlet_1': 'v1'}), ('3888a3a085a0b78f43d9ad9257fb94cd', 'MIXER', {'inlet_1_MIX_(+)_inlet_2_0': 'v1'})]
cd9f240e7e4fed74b91aa6e3b94eec01
ANTLR runtime and generated code versions disagree: 4.13.2!=4.10
ANTLR runtime and generated code versions disagree: 4.13.2!=4.10
<lfr.graphmatch.matchpattern.MatchPattern object at 0x7a706647d990>
[('inlet_1', 'inlet_1_MIX_(+)_inlet_2_0'), ('inlet_2', 'inlet_1_MIX_(+)_inlet_2_0'), ('inlet_1_MIX_(+)_inlet_2_0', 'outlet_1')]
Templates Here
Structural Template Nodes: [('v1', {})]
Structural Template Edges: []
Node v1 has the following constraints:
[]
Templates End
[('5b0789de1846a32aa239997c6b11eba8', 'PORT', {'inlet_1': 'v1'}), ('5b0789de1846a32aa239997c6b11eba8', 'PORT', {'inlet_2': 'v1'}), ('5b0789de1846a32aa239997c6b11eba8', 'PORT', {'outlet_1': 'v1'}), ('3888a3a085a0b78f43d9ad9257fb94cd', 'MIXER', {'inlet_1_MIX_(+)_inlet_2_0': 'v1'})]
26f0a16b9d1878f24029199874cd778b
ANTLR runtime and generated code versions disagree: 4.13.2!=4.10
ANTLR runtime and generated code versions disagree: 4.13.2!=4.10
<lfr.graphmatch.matchpattern.MatchPattern object at 0x7a706647e1a0>
[('inlet_1', 'inlet_1_MIX_(+)_inlet_2_0'), ('inlet_2', 'inlet_1_MIX_(+)_inlet_2_0'), ('inlet_1_MIX_(+)_inlet_2_0', 'outlet_1')]
Templates Here
Structural Template Nodes: [('v1', {})]
Structural Template Edges: []
Node v1 has the following constraints:
[]
Templates End
[('5b0789de1846a32aa239997c6b11eba8', 'PORT', {'inlet_1': 'v1'}), ('5b0789de1846a32aa239997c6b11eba8', 'PORT', {'inlet_2': 'v1'}), ('5b0789de1846a32aa239997c6b11eba8', 'PORT', {'outlet_1': 'v1'}), ('3888a3a085a0b78f43d9ad9257fb94cd', 'MIXER', {'inlet_1_MIX_(+)_inlet_2_0': 'v1'})]
c9770124d971f8583173f0dd28b4017b
ANTLR runtime and generated code versions disagree: 4.13.2!=4.10
ANTLR runtime and generated code versions disagree: 4.13.2!=4.10
<lfr.graphmatch.matchpattern.MatchPattern object at 0x7a706647ded0>
[('inlet_1', 'inlet_1_MIX_(+)_inlet_2_0'), ('inlet_2', 'inlet_1_MIX_(+)_inlet_2_0'), ('inlet_1_MIX_(+)_inlet_2_0', 'outlet_1')]
Templates Here
Structural Template Nodes: [('v1', {})]
Structural Template Edges: []
Node v1 has the following constraints:
[]
Templates End
[('5b0789de1846a32aa239997c6b11eba8', 'PORT', {'inlet_1': 'v1'}), ('5b0789de1846a32aa239997c6b11eba8', 'PORT', {'inlet_2': 'v1'}), ('5b0789de1846a32aa239997c6b11eba8', 'PORT', {'outlet_1': 'v1'}), ('3888a3a085a0b78f43d9ad9257fb94cd', 'MIXER', {'inlet_1_MIX_(+)_inlet_2_0': 'v1'})]
09781c385e672251742ca6cc07e56759
ANTLR runtime and generated code versions disagree: 4.13.2!=4.10
ANTLR runtime and generated code versions disagree: 4.13.2!=4.10
<lfr.graphmatch.matchpattern.MatchPattern object at 0x7a706647d630>
[('inlet_1', 'inlet_1_MIX_(+)_inlet_2_0'), ('inlet_2', 'inlet_1_MIX_(+)_inlet_2_0'), ('inlet_1_MIX_(+)_inlet_2_0', 'outlet_1')]
Templates Here
Structural Template Nodes: [('v1', {})]
Structural Template Edges: []
Node v1 has the following constraints:
[]
Templates End
[('5b0789de1846a32aa239997c6b11eba8', 'PORT', {'inlet_1': 'v1'}), ('5b0789de1846a32aa239997c6b11eba8', 'PORT', {'inlet_2': 'v1'}), ('5b0789de1846a32aa239997c6b11eba8', 'PORT', {'outlet_1': 'v1'}), ('3888a3a085a0b78f43d9ad9257fb94cd', 'MIXER', {'inlet_1_MIX_(+)_inlet_2_0': 'v1'})]
1159f8c0f6837f1916dd1b43d142fa9d
ANTLR runtime and generated code versions disagree: 4.13.2!=4.10
ANTLR runtime and generated code versions disagree: 4.13.2!=4.10
<lfr.graphmatch.matchpattern.MatchPattern object at 0x7a706647d8d0>
[('inlet_1', 'inlet_1_MIX_(+)_inlet_2_0'), ('inlet_2', 'inlet_1_MIX_(+)_inlet_2_0'), ('inlet_1_MIX_(+)_inlet_2_0', 'outlet_1')]
Templates Here
Structural Template Nodes: [('v1', {})]
Structural Template Edges: []
Node v1 has the following constraints:
[]
Templates End
[('5b0789de1846a32aa239997c6b11eba8', 'PORT', {'inlet_1': 'v1'}), ('5b0789de1846a32aa239997c6b11eba8', 'PORT', {'inlet_2': 'v1'}), ('5b0789de1846a32aa239997c6b11eba8', 'PORT', {'outlet_1': 'v1'}), ('3888a3a085a0b78f43d9ad9257fb94cd', 'MIXER', {'inlet_1_MIX_(+)_inlet_2_0': 'v1'})]
feb0fbd9a78edd7b903246b2de78427e
Warning ! - Missing match string for mint- feb0fbd9a78edd7b903246b2de78427e
[('5b0789de1846a32aa239997c6b11eba8', 'PORT', {'inlet_1': 'v1'}), ('5b0789de1846a32aa239997c6b11eba8', 'PORT', {'inlet_2': 'v1'}), ('5b0789de1846a32aa239997c6b11eba8', 'PORT', {'outlet_1': 'v1'}), ('3888a3a085a0b78f43d9ad9257fb94cd', 'MIXER', {'inlet_1_MIX_(+)_inlet_2_0': 'v1'})]
f52e9c50a060add65a035429b2a22229
Warning ! - Missing match string for mint- f52e9c50a060add65a035429b2a22229
Ret here
[('5b0789de1846a32aa239997c6b11eba8', 'PORT', {'inlet_1': 'v1'}), ('5b0789de1846a32aa239997c6b11eba8', 'PORT', {'inlet_2': 'v1'}), ('5b0789de1846a32aa239997c6b11eba8', 'PORT', {'outlet_1': 'v1'}), ('3888a3a085a0b78f43d9ad9257fb94cd', 'MIXER', {'inlet_1_MIX_(+)_inlet_2_0': 'v1'})]
Total Matches against library : 4
Start of Matches
('5b0789de1846a32aa239997c6b11eba8', 'PORT', {'inlet_1': 'v1'})
('5b0789de1846a32aa239997c6b11eba8', 'PORT', {'inlet_2': 'v1'})
('5b0789de1846a32aa239997c6b11eba8', 'PORT', {'outlet_1': 'v1'})
('3888a3a085a0b78f43d9ad9257fb94cd', 'MIXER', {'inlet_1_MIX_(+)_inlet_2_0': 'v1'})
End of matches
Total matches against library after explicit mapping eliminations: 4
{'inlet_1'}
{'inlet_2'}
{'outlet_1'}
{'inlet_1_MIX_(+)_inlet_2_0'}
Moving Max Set Cover to the front: [{'inlet_1'}, {'inlet_2'}, {'outlet_1'}, {'inlet_1_MIX_(+)_inlet_2_0'}]
inlet_1
inlet_2
inlet_1_MIX_(+)_inlet_2_0
outlet_1
Moving Explicit Matches to the front: []
Checking Match: ('3888a3a085a0b78f43d9ad9257fb94cd', 'MIXER', {'inlet_1_MIX_(+)_inlet_2_0': 'v1'})
Warning: Implment how the connecting option is mapped to match string node
Warning: Implment how the connecting option is mapped to match string node
Warning: Implment how the connecting option is mapped to match string node
Warning: Implment how the connecting option is mapped to match string node
Adding node cn_mixer_1 to variant variant_0
Checking Match: ('5b0789de1846a32aa239997c6b11eba8', 'PORT', {'outlet_1': 'v1'})
Warning: Implment how the connecting option is mapped to match string node
Warning: Implment how the connecting option is mapped to match string node
Warning: Implment how the connecting option is mapped to match string node
Warning: Implment how the connecting option is mapped to match string node
Adding node cn_port_1 to variant variant_0
Checking Match: ('5b0789de1846a32aa239997c6b11eba8', 'PORT', {'inlet_2': 'v1'})
Warning: Implment how the connecting option is mapped to match string node
Warning: Implment how the connecting option is mapped to match string node
Warning: Implment how the connecting option is mapped to match string node
Warning: Implment how the connecting option is mapped to match string node
Adding node cn_port_2 to variant variant_0
Checking Match: ('5b0789de1846a32aa239997c6b11eba8', 'PORT', {'inlet_1': 'v1'})
Warning: Implment how the connecting option is mapped to match string node
Warning: Implment how the connecting option is mapped to match string node
Warning: Implment how the connecting option is mapped to match string node
Warning: Implment how the connecting option is mapped to match string node
Adding node cn_port_3 to variant variant_0
Variant variant_0:
cn_mixer_1
cn_port_1
cn_port_2
cn_port_3
File Path: /home/cidar-ron/Downloads/Neptune_2026/Microfluidics-Benchmarks/Results/Quick_Examples/flow_only_demo/flow_only_demo/variant_0_construction.dot
Connected Nodes
cn_mixer_1
cn_port_1
Connected Nodes
cn_port_2
cn_mixer_1
Connected Nodes
cn_port_3
cn_mixer_1
Nodes to Traverse: <generator object dfs_preorder_nodes.<locals>.<genexpr> at 0x7a707cda31b0>
Pulling Default Values of Components
Deleted unsupported param "position" from component mixer_1 : MIXER
Deleted unsupported param "position" from component port_1 : PORT
Deleted unsupported param "position" from component port_2 : PORT
Deleted unsupported param "position" from component port_3 : PORT
Pulling Dimensions of Components
Pulling Terminals of Components
/home/cidar-ron/Downloads/Neptune_2026/Microfluidics-Benchmarks/Results/Quick_Examples/flow_only_demo/flow_only_demo/variant_0
output dir: Microfluidics-Benchmarks/Results/Quick_Examples/flow_only_demo
Running File: Microfluidics-Benchmarks/Results/Quick_Examples/flow_only_demo/flow_only_demo_fromLFR.json
Starting terminal/port assignment ...
Reducing the Size of the device and adding device padding: 20000 um
Updated the device dimensions: (83260, 64860) microns
Completed simple linear placement fallback.
Wrote: /home/cidar-ron/Downloads/Neptune_2026/Microfluidics-Benchmarks/Results/Quick_Examples/flow_only_demo/flow_only_demo_fromLFR_PR.json
✓ LFR synthesis + placed/routed under ./Microfluidics-Benchmarks/Results/Quick_Examples/flow_only_demo
>> synthesize: ./Microfluidics-Benchmarks/Quick_Examples/import_droplet_reaction.lfr (variant 0)
 _____ _       _       _ 
|  ___| |_   _(_) __ _(_)
| |_  | | | | | |/ _` | |
|  _| | | |_| | | (_| | |
|_|   |_|\__,_|_|\__, |_|
                 |___/   

['/home/cidar-ron/Downloads/Neptune_2026/pylfr/library', './Microfluidics-Benchmarks/Quick_Examples']
Loading all LFR Files from lib Directories:
-- Loading form path /home/cidar-ron/Downloads/Neptune_2026/pylfr/library
Storing into library: /home/cidar-ron/Downloads/Neptune_2026/pylfr/library/default-modules/mux.lfr
Storing into library: /home/cidar-ron/Downloads/Neptune_2026/pylfr/library/default-modules/tree.lfr
Storing into library: /home/cidar-ron/Downloads/Neptune_2026/pylfr/library/default-modules/port.lfr
Storing into library: /home/cidar-ron/Downloads/Neptune_2026/pylfr/library/default-modules/picoinjector.lfr
Storing into library: /home/cidar-ron/Downloads/Neptune_2026/pylfr/library/default-modules/mixer.lfr
Storing into library: /home/cidar-ron/Downloads/Neptune_2026/pylfr/library/default-modules/valve.lfr
Storing into library: /home/cidar-ron/Downloads/Neptune_2026/pylfr/library/default-modules/nozzle_droplet_generator.lfr
Storing into library: /home/cidar-ron/Downloads/Neptune_2026/pylfr/library/default-modules/channel.lfr
Storing into library: /home/cidar-ron/Downloads/Neptune_2026/pylfr/library/default-modules/reaction_chamber.lfr
-- Loading form path ./Microfluidics-Benchmarks/Quick_Examples
Storing into library: /home/cidar-ron/Downloads/Neptune_2026/Microfluidics-Benchmarks/Quick_Examples/flow_and_control_demo.lfr
Storing into library: /home/cidar-ron/Downloads/Neptune_2026/Microfluidics-Benchmarks/Quick_Examples/import_droplet_reaction.lfr
Storing into library: /home/cidar-ron/Downloads/Neptune_2026/Microfluidics-Benchmarks/Quick_Examples/import_mixer_and_incubator.lfr
Storing into library: /home/cidar-ron/Downloads/Neptune_2026/Microfluidics-Benchmarks/Quick_Examples/flow_only_demo.lfr
Storing into library: /home/cidar-ron/Downloads/Neptune_2026/Microfluidics-Benchmarks/Quick_Examples/import_parallel_premix.lfr
Storing into library: /home/cidar-ron/Downloads/Neptune_2026/Microfluidics-Benchmarks/Quick_Examples/library/two_in_mixer.lfr
Storing into library: /home/cidar-ron/Downloads/Neptune_2026/Microfluidics-Benchmarks/Quick_Examples/library/three_in_mixer.lfr
Storing into library: /home/cidar-ron/Downloads/Neptune_2026/Microfluidics-Benchmarks/Quick_Examples/library/droplet_generator.lfr
Storing into library: /home/cidar-ron/Downloads/Neptune_2026/Microfluidics-Benchmarks/Quick_Examples/library/incubator.lfr
Input Path: /home/cidar-ron/Downloads/Neptune_2026/Microfluidics-Benchmarks/Quick_Examples/import_droplet_reaction.lfr
File: /home/cidar-ron/Downloads/Neptune_2026/Microfluidics-Benchmarks/Quick_Examples/import_droplet_reaction.lfr
ANTLR runtime and generated code versions disagree: 4.13.2!=4.10.1
ANTLR runtime and generated code versions disagree: 4.13.2!=4.10.1
Using Library Design at Path: /home/cidar-ron/Downloads/Neptune_2026/Microfluidics-Benchmarks/Quick_Examples/library/three_in_mixer.lfr
Input Path: /home/cidar-ron/Downloads/Neptune_2026/Microfluidics-Benchmarks/Quick_Examples/library/three_in_mixer.lfr
Using Library Design at Path: /home/cidar-ron/Downloads/Neptune_2026/Microfluidics-Benchmarks/Quick_Examples/library/droplet_generator.lfr
Input Path: /home/cidar-ron/Downloads/Neptune_2026/Microfluidics-Benchmarks/Quick_Examples/library/droplet_generator.lfr
Using Library Design at Path: /home/cidar-ron/Downloads/Neptune_2026/Microfluidics-Benchmarks/Quick_Examples/library/incubator.lfr
Input Path: /home/cidar-ron/Downloads/Neptune_2026/Microfluidics-Benchmarks/Quick_Examples/library/incubator.lfr
['incubator.lfr', 'droplet_generator.lfr', 'three_in_mixer.lfr', 'import_droplet_reaction.lfr']
output dir: Microfluidics-Benchmarks/Results/Quick_Examples/import_droplet_reaction
('./Microfluidics-Benchmarks/Quick_Examples/import_droplet_reaction.lfr',)
ANTLR runtime and generated code versions disagree: 4.13.2!=4.10.1
ANTLR runtime and generated code versions disagree: 4.13.2!=4.10.1
Initialized the lfrcompiler
Performing unary operation - Operator: & 
 Operand: <VectorRange::Vector - in_1 [0 : 0]>
Creating a vector of type [None]
LHS, RHS sizes are equal
FLOW - in_1_PROCESS_(&)_0 IO - Name: out_1, Type : IOType.FLOW_OUTPUT
<class 'lfr.fig.interaction.FluidProcessInteraction'>
&
LHS, RHS sizes are equal
IO - Name: oil, Type : IOType.FLOW_INPUT IO - Name: droplets, Type : IOType.FLOW_OUTPUT
Performing operation: <VectorRange::Vector - in_a [0 : 0]> + <VectorRange::Vector - in_b [0 : 0]>
Creating a vector of type [None]
Performing operation: <VectorRange::Vector - in_a_in_b [0 : 0]> + <VectorRange::Vector - in_c [0 : 0]>
Creating a vector of type [None]
Creating a vector of type [None]
LHS, RHS sizes are equal
FLOW - in_a_MIX_(+)_in_b_1_MIX_(+)_in_c_2_PROCESS_(~)_3 IO - Name: out_1, Type : IOType.FLOW_OUTPUT
<class 'lfr.fig.interaction.FluidFluidInteraction'>
+
<class 'lfr.fig.interaction.FluidFluidInteraction'>
+
<class 'lfr.fig.interaction.FluidProcessInteraction'>
~
Name : import_droplet_reaction
Name: analyte, Type : IOType.FLOW_INPUT
Name: primer, Type : IOType.FLOW_INPUT
Name: buffer, Type : IOType.FLOW_INPUT
Name: oil_phase, Type : IOType.FLOW_INPUT
Name: outlet, Type : IOType.FLOW_OUTPUT

---Top of Stack---
---Bottom of Stack---
output: /home/cidar-ron/Downloads/Neptune_2026/Microfluidics-Benchmarks/Results/Quick_Examples/import_droplet_reaction/import_droplet_reaction
output: /home/cidar-ron/Downloads/Neptune_2026/Microfluidics-Benchmarks/Results/Quick_Examples/import_droplet_reaction/import_droplet_reaction/import_droplet_reaction.dot
output: /home/cidar-ron/Downloads/Neptune_2026/Microfluidics-Benchmarks/Results/Quick_Examples/import_droplet_reaction/import_droplet_reaction
output: /home/cidar-ron/Downloads/Neptune_2026/Microfluidics-Benchmarks/Results/Quick_Examples/import_droplet_reaction/import_droplet_reaction/import_droplet_reaction_FIG.dot
Flow candidate: {'gen_aqueous', 'premix_out_1', 'aqueous'}
Passthrough found: {'gen_aqueous', 'premix_out_1', 'aqueous'}
Replacing the component with: FLOW - FLOW_component_replacement_0
Flow candidate: {'droplets', 'react_in_1', 'gen_oil', 'gen_droplets'}
Passthrough found: {'droplets', 'react_in_1', 'gen_oil', 'gen_droplets'}
Removing the component: {'droplets', 'react_in_1', 'gen_oil', 'gen_droplets'}
Flow candidate: {'premix_in_a'}
Passthrough found: {'premix_in_a'}
Removing the component: {'premix_in_a'}
Flow candidate: {'premix_in_b'}
Passthrough found: {'premix_in_b'}
Removing the component: {'premix_in_b'}
Flow candidate: {'premix_in_c'}
Passthrough found: {'premix_in_c'}
Removing the component: {'premix_in_c'}
Flow candidate: {'react_out_1'}
Passthrough found: {'react_out_1'}
Removing the component: {'react_out_1'}
output: /home/cidar-ron/Downloads/Neptune_2026/Microfluidics-Benchmarks/Results/Quick_Examples/import_droplet_reaction/import_droplet_reaction
output: /home/cidar-ron/Downloads/Neptune_2026/Microfluidics-Benchmarks/Results/Quick_Examples/import_droplet_reaction/import_droplet_reaction/import_droplet_reaction_FIG_simplified.dot
[]
('6fc35c7c22084cae72e62a0163574d8c', 'REACTION CHAMBER', '{\n            v1: REACTION CHAMBER\n        }')
('5b0789de1846a32aa239997c6b11eba8', 'PORT', '{\n            v1:IO\n        }')
('3888a3a085a0b78f43d9ad9257fb94cd', 'MIXER', '{\n            v1:MIX\n        }')
('d1781b16b1ea9b97644d83f5671ba40d', 'MIXER', '{\n            v1:DILUTE\n        }')
('8330be665ac09c4b528fb673eaf54323', 'PICOINJECTOR', '{\n            v1:MIX\n        }')
('588c06b63717d489f484abec4d043630', 'DROPLET MERGER', '{\n            v1:MIX\n        }')
('5cd84e8394bf8d6c20a6333d70b59771', 'DROPLET SORTER', '{\n            v1:SIEVE\n        }')
('9722844e53ed3f50c3e82c3f8015876f', 'NOZZLE DROPLET GENERATOR', '{\n            v1:METER\n        }')
('914238687115aa147b97e8d5533e886c', 'DROPLET MERGER JUNCTION', '{\n            v1:MIX\n        }')
('d886b57db1ce64cdc693b482957a8fe2', 'DROPLET MERGER CHANNEL', '{\n            v1:MIX\n        }')
('d949473e8c28c7624371eb1477dc026b', 'DROPLET SPLITTER', '{\n            v1:DIVIDE\n        }')
line 2:25 extraneous input 'CHAMBER' expecting {',', '}'}
('cdea77c5343e10aa9ebcb993ab494b7b', 'DROPLET CAPACITANCE SENSOR', '{\n            v1:PROCESS\n        }')
('ddafeac84b5c1d4256c02be0327aad6b', 'SQUARE CELL TRAP', '{\n            v1:STORAGE\n        }')
('cd9f240e7e4fed74b91aa6e3b94eec01', 'LONG CELL TRAPPER', '{\n            v1:STORAGE\n        }')
('26f0a16b9d1878f24029199874cd778b', 'FILTER', '{\n            v1:PROCESS\n        }')
('c9770124d971f8583173f0dd28b4017b', 'DROPLET FLUORESCENCE SENSOR', '{\n            v1:PROCESS\n        }')
('09781c385e672251742ca6cc07e56759', 'DROPLET LUMINESCENCE SENSOR', '{\n            v1:PROCESS\n        }')
('1159f8c0f6837f1916dd1b43d142fa9d', 'DROPLET SPACER', '{\n            v1:PROCESS\n        }')
('feb0fbd9a78edd7b903246b2de78427e', 'YTREE', '')
('f52e9c50a060add65a035429b2a22229', 'CHANNEL', '')
[]
6fc35c7c22084cae72e62a0163574d8c
ANTLR runtime and generated code versions disagree: 4.13.2!=4.10
ANTLR runtime and generated code versions disagree: 4.13.2!=4.10
<lfr.graphmatch.matchpattern.MatchPattern object at 0x7103b7fa8e50>
[('analyte', 'premix_in_a_MIX_(+)_in_b_1'), ('primer', 'premix_in_a_MIX_(+)_in_b_1'), ('buffer', 'premix_in_a_MIX_(+)_in_b_1_MIX_(+)_in_c_2'), ('oil_phase', 'react_in_1_PROCESS_(&)_0'), ('premix_in_a_MIX_(+)_in_b_1', 'premix_in_a_MIX_(+)_in_b_1_MIX_(+)_in_c_2'), ('premix_in_a_MIX_(+)_in_b_1_MIX_(+)_in_c_2', 'premix_in_a_MIX_(+)_in_b_1_MIX_(+)_in_c_2_PROCESS_(~)_3'), ('premix_in_a_MIX_(+)_in_b_1_MIX_(+)_in_c_2_PROCESS_(~)_3', 'FLOW_component_replacement_0'), ('react_in_1_PROCESS_(&)_0', 'outlet')]
Templates Here
Structural Template Nodes: [('v1', {})]
Structural Template Edges: []
Node v1 has the following constraints:
[]
Templates End
[]
5b0789de1846a32aa239997c6b11eba8
ANTLR runtime and generated code versions disagree: 4.13.2!=4.10
ANTLR runtime and generated code versions disagree: 4.13.2!=4.10
<lfr.graphmatch.matchpattern.MatchPattern object at 0x7103b7fa9e40>
[('analyte', 'premix_in_a_MIX_(+)_in_b_1'), ('primer', 'premix_in_a_MIX_(+)_in_b_1'), ('buffer', 'premix_in_a_MIX_(+)_in_b_1_MIX_(+)_in_c_2'), ('oil_phase', 'react_in_1_PROCESS_(&)_0'), ('premix_in_a_MIX_(+)_in_b_1', 'premix_in_a_MIX_(+)_in_b_1_MIX_(+)_in_c_2'), ('premix_in_a_MIX_(+)_in_b_1_MIX_(+)_in_c_2', 'premix_in_a_MIX_(+)_in_b_1_MIX_(+)_in_c_2_PROCESS_(~)_3'), ('premix_in_a_MIX_(+)_in_b_1_MIX_(+)_in_c_2_PROCESS_(~)_3', 'FLOW_component_replacement_0'), ('react_in_1_PROCESS_(&)_0', 'outlet')]
Templates Here
Structural Template Nodes: [('v1', {})]
Structural Template Edges: []
Node v1 has the following constraints:
[]
Templates End
Found Match: 5b0789de1846a32aa239997c6b11eba8
{'oil_phase': 'v1'}
Found Match: 5b0789de1846a32aa239997c6b11eba8
{'primer': 'v1'}
Found Match: 5b0789de1846a32aa239997c6b11eba8
{'outlet': 'v1'}
Found Match: 5b0789de1846a32aa239997c6b11eba8
{'analyte': 'v1'}
Found Match: 5b0789de1846a32aa239997c6b11eba8
{'buffer': 'v1'}
[('5b0789de1846a32aa239997c6b11eba8', 'PORT', {'oil_phase': 'v1'}), ('5b0789de1846a32aa239997c6b11eba8', 'PORT', {'primer': 'v1'}), ('5b0789de1846a32aa239997c6b11eba8', 'PORT', {'outlet': 'v1'}), ('5b0789de1846a32aa239997c6b11eba8', 'PORT', {'analyte': 'v1'}), ('5b0789de1846a32aa239997c6b11eba8', 'PORT', {'buffer': 'v1'})]
3888a3a085a0b78f43d9ad9257fb94cd
ANTLR runtime and generated code versions disagree: 4.13.2!=4.10
ANTLR runtime and generated code versions disagree: 4.13.2!=4.10
<lfr.graphmatch.matchpattern.MatchPattern object at 0x7103b7fa9840>
[('analyte', 'premix_in_a_MIX_(+)_in_b_1'), ('primer', 'premix_in_a_MIX_(+)_in_b_1'), ('buffer', 'premix_in_a_MIX_(+)_in_b_1_MIX_(+)_in_c_2'), ('oil_phase', 'react_in_1_PROCESS_(&)_0'), ('premix_in_a_MIX_(+)_in_b_1', 'premix_in_a_MIX_(+)_in_b_1_MIX_(+)_in_c_2'), ('premix_in_a_MIX_(+)_in_b_1_MIX_(+)_in_c_2', 'premix_in_a_MIX_(+)_in_b_1_MIX_(+)_in_c_2_PROCESS_(~)_3'), ('premix_in_a_MIX_(+)_in_b_1_MIX_(+)_in_c_2_PROCESS_(~)_3', 'FLOW_component_replacement_0'), ('react_in_1_PROCESS_(&)_0', 'outlet')]
Templates Here
Structural Template Nodes: [('v1', {})]
Structural Template Edges: []
Node v1 has the following constraints:
[]
Templates End
Found Match: 3888a3a085a0b78f43d9ad9257fb94cd
{'premix_in_a_MIX_(+)_in_b_1': 'v1'}
Found Match: 3888a3a085a0b78f43d9ad9257fb94cd
{'premix_in_a_MIX_(+)_in_b_1_MIX_(+)_in_c_2': 'v1'}
[('5b0789de1846a32aa239997c6b11eba8', 'PORT', {'oil_phase': 'v1'}), ('5b0789de1846a32aa239997c6b11eba8', 'PORT', {'primer': 'v1'}), ('5b0789de1846a32aa239997c6b11eba8', 'PORT', {'outlet': 'v1'}), ('5b0789de1846a32aa239997c6b11eba8', 'PORT', {'analyte': 'v1'}), ('5b0789de1846a32aa239997c6b11eba8', 'PORT', {'buffer': 'v1'}), ('3888a3a085a0b78f43d9ad9257fb94cd', 'MIXER', {'premix_in_a_MIX_(+)_in_b_1': 'v1'}), ('3888a3a085a0b78f43d9ad9257fb94cd', 'MIXER', {'premix_in_a_MIX_(+)_in_b_1_MIX_(+)_in_c_2': 'v1'})]
d1781b16b1ea9b97644d83f5671ba40d
ANTLR runtime and generated code versions disagree: 4.13.2!=4.10
ANTLR runtime and generated code versions disagree: 4.13.2!=4.10
<lfr.graphmatch.matchpattern.MatchPattern object at 0x7103b7faa860>
[('analyte', 'premix_in_a_MIX_(+)_in_b_1'), ('primer', 'premix_in_a_MIX_(+)_in_b_1'), ('buffer', 'premix_in_a_MIX_(+)_in_b_1_MIX_(+)_in_c_2'), ('oil_phase', 'react_in_1_PROCESS_(&)_0'), ('premix_in_a_MIX_(+)_in_b_1', 'premix_in_a_MIX_(+)_in_b_1_MIX_(+)_in_c_2'), ('premix_in_a_MIX_(+)_in_b_1_MIX_(+)_in_c_2', 'premix_in_a_MIX_(+)_in_b_1_MIX_(+)_in_c_2_PROCESS_(~)_3'), ('premix_in_a_MIX_(+)_in_b_1_MIX_(+)_in_c_2_PROCESS_(~)_3', 'FLOW_component_replacement_0'), ('react_in_1_PROCESS_(&)_0', 'outlet')]
Templates Here
Structural Template Nodes: [('v1', {})]
Structural Template Edges: []
Node v1 has the following constraints:
[]
Templates End
[('5b0789de1846a32aa239997c6b11eba8', 'PORT', {'oil_phase': 'v1'}), ('5b0789de1846a32aa239997c6b11eba8', 'PORT', {'primer': 'v1'}), ('5b0789de1846a32aa239997c6b11eba8', 'PORT', {'outlet': 'v1'}), ('5b0789de1846a32aa239997c6b11eba8', 'PORT', {'analyte': 'v1'}), ('5b0789de1846a32aa239997c6b11eba8', 'PORT', {'buffer': 'v1'}), ('3888a3a085a0b78f43d9ad9257fb94cd', 'MIXER', {'premix_in_a_MIX_(+)_in_b_1': 'v1'}), ('3888a3a085a0b78f43d9ad9257fb94cd', 'MIXER', {'premix_in_a_MIX_(+)_in_b_1_MIX_(+)_in_c_2': 'v1'})]
8330be665ac09c4b528fb673eaf54323
ANTLR runtime and generated code versions disagree: 4.13.2!=4.10
ANTLR runtime and generated code versions disagree: 4.13.2!=4.10
<lfr.graphmatch.matchpattern.MatchPattern object at 0x7103ce5c8fd0>
[('analyte', 'premix_in_a_MIX_(+)_in_b_1'), ('primer', 'premix_in_a_MIX_(+)_in_b_1'), ('buffer', 'premix_in_a_MIX_(+)_in_b_1_MIX_(+)_in_c_2'), ('oil_phase', 'react_in_1_PROCESS_(&)_0'), ('premix_in_a_MIX_(+)_in_b_1', 'premix_in_a_MIX_(+)_in_b_1_MIX_(+)_in_c_2'), ('premix_in_a_MIX_(+)_in_b_1_MIX_(+)_in_c_2', 'premix_in_a_MIX_(+)_in_b_1_MIX_(+)_in_c_2_PROCESS_(~)_3'), ('premix_in_a_MIX_(+)_in_b_1_MIX_(+)_in_c_2_PROCESS_(~)_3', 'FLOW_component_replacement_0'), ('react_in_1_PROCESS_(&)_0', 'outlet')]
Templates Here
Structural Template Nodes: [('v1', {})]
Structural Template Edges: []
Node v1 has the following constraints:
[]
Templates End
[('5b0789de1846a32aa239997c6b11eba8', 'PORT', {'oil_phase': 'v1'}), ('5b0789de1846a32aa239997c6b11eba8', 'PORT', {'primer': 'v1'}), ('5b0789de1846a32aa239997c6b11eba8', 'PORT', {'outlet': 'v1'}), ('5b0789de1846a32aa239997c6b11eba8', 'PORT', {'analyte': 'v1'}), ('5b0789de1846a32aa239997c6b11eba8', 'PORT', {'buffer': 'v1'}), ('3888a3a085a0b78f43d9ad9257fb94cd', 'MIXER', {'premix_in_a_MIX_(+)_in_b_1': 'v1'}), ('3888a3a085a0b78f43d9ad9257fb94cd', 'MIXER', {'premix_in_a_MIX_(+)_in_b_1_MIX_(+)_in_c_2': 'v1'})]
588c06b63717d489f484abec4d043630
ANTLR runtime and generated code versions disagree: 4.13.2!=4.10
ANTLR runtime and generated code versions disagree: 4.13.2!=4.10
<lfr.graphmatch.matchpattern.MatchPattern object at 0x7103b7faa9b0>
[('analyte', 'premix_in_a_MIX_(+)_in_b_1'), ('primer', 'premix_in_a_MIX_(+)_in_b_1'), ('buffer', 'premix_in_a_MIX_(+)_in_b_1_MIX_(+)_in_c_2'), ('oil_phase', 'react_in_1_PROCESS_(&)_0'), ('premix_in_a_MIX_(+)_in_b_1', 'premix_in_a_MIX_(+)_in_b_1_MIX_(+)_in_c_2'), ('premix_in_a_MIX_(+)_in_b_1_MIX_(+)_in_c_2', 'premix_in_a_MIX_(+)_in_b_1_MIX_(+)_in_c_2_PROCESS_(~)_3'), ('premix_in_a_MIX_(+)_in_b_1_MIX_(+)_in_c_2_PROCESS_(~)_3', 'FLOW_component_replacement_0'), ('react_in_1_PROCESS_(&)_0', 'outlet')]
Templates Here
Structural Template Nodes: [('v1', {})]
Structural Template Edges: []
Node v1 has the following constraints:
[]
Templates End
[('5b0789de1846a32aa239997c6b11eba8', 'PORT', {'oil_phase': 'v1'}), ('5b0789de1846a32aa239997c6b11eba8', 'PORT', {'primer': 'v1'}), ('5b0789de1846a32aa239997c6b11eba8', 'PORT', {'outlet': 'v1'}), ('5b0789de1846a32aa239997c6b11eba8', 'PORT', {'analyte': 'v1'}), ('5b0789de1846a32aa239997c6b11eba8', 'PORT', {'buffer': 'v1'}), ('3888a3a085a0b78f43d9ad9257fb94cd', 'MIXER', {'premix_in_a_MIX_(+)_in_b_1': 'v1'}), ('3888a3a085a0b78f43d9ad9257fb94cd', 'MIXER', {'premix_in_a_MIX_(+)_in_b_1_MIX_(+)_in_c_2': 'v1'})]
5cd84e8394bf8d6c20a6333d70b59771
ANTLR runtime and generated code versions disagree: 4.13.2!=4.10
ANTLR runtime and generated code versions disagree: 4.13.2!=4.10
<lfr.graphmatch.matchpattern.MatchPattern object at 0x7103b7fa90f0>
[('analyte', 'premix_in_a_MIX_(+)_in_b_1'), ('primer', 'premix_in_a_MIX_(+)_in_b_1'), ('buffer', 'premix_in_a_MIX_(+)_in_b_1_MIX_(+)_in_c_2'), ('oil_phase', 'react_in_1_PROCESS_(&)_0'), ('premix_in_a_MIX_(+)_in_b_1', 'premix_in_a_MIX_(+)_in_b_1_MIX_(+)_in_c_2'), ('premix_in_a_MIX_(+)_in_b_1_MIX_(+)_in_c_2', 'premix_in_a_MIX_(+)_in_b_1_MIX_(+)_in_c_2_PROCESS_(~)_3'), ('premix_in_a_MIX_(+)_in_b_1_MIX_(+)_in_c_2_PROCESS_(~)_3', 'FLOW_component_replacement_0'), ('react_in_1_PROCESS_(&)_0', 'outlet')]
Templates Here
Structural Template Nodes: [('v1', {})]
Structural Template Edges: []
Node v1 has the following constraints:
[]
Templates End
[('5b0789de1846a32aa239997c6b11eba8', 'PORT', {'oil_phase': 'v1'}), ('5b0789de1846a32aa239997c6b11eba8', 'PORT', {'primer': 'v1'}), ('5b0789de1846a32aa239997c6b11eba8', 'PORT', {'outlet': 'v1'}), ('5b0789de1846a32aa239997c6b11eba8', 'PORT', {'analyte': 'v1'}), ('5b0789de1846a32aa239997c6b11eba8', 'PORT', {'buffer': 'v1'}), ('3888a3a085a0b78f43d9ad9257fb94cd', 'MIXER', {'premix_in_a_MIX_(+)_in_b_1': 'v1'}), ('3888a3a085a0b78f43d9ad9257fb94cd', 'MIXER', {'premix_in_a_MIX_(+)_in_b_1_MIX_(+)_in_c_2': 'v1'})]
9722844e53ed3f50c3e82c3f8015876f
ANTLR runtime and generated code versions disagree: 4.13.2!=4.10
ANTLR runtime and generated code versions disagree: 4.13.2!=4.10
<lfr.graphmatch.matchpattern.MatchPattern object at 0x7103b7fab190>
[('analyte', 'premix_in_a_MIX_(+)_in_b_1'), ('primer', 'premix_in_a_MIX_(+)_in_b_1'), ('buffer', 'premix_in_a_MIX_(+)_in_b_1_MIX_(+)_in_c_2'), ('oil_phase', 'react_in_1_PROCESS_(&)_0'), ('premix_in_a_MIX_(+)_in_b_1', 'premix_in_a_MIX_(+)_in_b_1_MIX_(+)_in_c_2'), ('premix_in_a_MIX_(+)_in_b_1_MIX_(+)_in_c_2', 'premix_in_a_MIX_(+)_in_b_1_MIX_(+)_in_c_2_PROCESS_(~)_3'), ('premix_in_a_MIX_(+)_in_b_1_MIX_(+)_in_c_2_PROCESS_(~)_3', 'FLOW_component_replacement_0'), ('react_in_1_PROCESS_(&)_0', 'outlet')]
Templates Here
Structural Template Nodes: [('v1', {})]
Structural Template Edges: []
Node v1 has the following constraints:
[]
Templates End
[('5b0789de1846a32aa239997c6b11eba8', 'PORT', {'oil_phase': 'v1'}), ('5b0789de1846a32aa239997c6b11eba8', 'PORT', {'primer': 'v1'}), ('5b0789de1846a32aa239997c6b11eba8', 'PORT', {'outlet': 'v1'}), ('5b0789de1846a32aa239997c6b11eba8', 'PORT', {'analyte': 'v1'}), ('5b0789de1846a32aa239997c6b11eba8', 'PORT', {'buffer': 'v1'}), ('3888a3a085a0b78f43d9ad9257fb94cd', 'MIXER', {'premix_in_a_MIX_(+)_in_b_1': 'v1'}), ('3888a3a085a0b78f43d9ad9257fb94cd', 'MIXER', {'premix_in_a_MIX_(+)_in_b_1_MIX_(+)_in_c_2': 'v1'})]
914238687115aa147b97e8d5533e886c
ANTLR runtime and generated code versions disagree: 4.13.2!=4.10
ANTLR runtime and generated code versions disagree: 4.13.2!=4.10
<lfr.graphmatch.matchpattern.MatchPattern object at 0x7103b7fa8220>
[('analyte', 'premix_in_a_MIX_(+)_in_b_1'), ('primer', 'premix_in_a_MIX_(+)_in_b_1'), ('buffer', 'premix_in_a_MIX_(+)_in_b_1_MIX_(+)_in_c_2'), ('oil_phase', 'react_in_1_PROCESS_(&)_0'), ('premix_in_a_MIX_(+)_in_b_1', 'premix_in_a_MIX_(+)_in_b_1_MIX_(+)_in_c_2'), ('premix_in_a_MIX_(+)_in_b_1_MIX_(+)_in_c_2', 'premix_in_a_MIX_(+)_in_b_1_MIX_(+)_in_c_2_PROCESS_(~)_3'), ('premix_in_a_MIX_(+)_in_b_1_MIX_(+)_in_c_2_PROCESS_(~)_3', 'FLOW_component_replacement_0'), ('react_in_1_PROCESS_(&)_0', 'outlet')]
Templates Here
Structural Template Nodes: [('v1', {})]
Structural Template Edges: []
Node v1 has the following constraints:
[]
Templates End
[('5b0789de1846a32aa239997c6b11eba8', 'PORT', {'oil_phase': 'v1'}), ('5b0789de1846a32aa239997c6b11eba8', 'PORT', {'primer': 'v1'}), ('5b0789de1846a32aa239997c6b11eba8', 'PORT', {'outlet': 'v1'}), ('5b0789de1846a32aa239997c6b11eba8', 'PORT', {'analyte': 'v1'}), ('5b0789de1846a32aa239997c6b11eba8', 'PORT', {'buffer': 'v1'}), ('3888a3a085a0b78f43d9ad9257fb94cd', 'MIXER', {'premix_in_a_MIX_(+)_in_b_1': 'v1'}), ('3888a3a085a0b78f43d9ad9257fb94cd', 'MIXER', {'premix_in_a_MIX_(+)_in_b_1_MIX_(+)_in_c_2': 'v1'})]
d886b57db1ce64cdc693b482957a8fe2
ANTLR runtime and generated code versions disagree: 4.13.2!=4.10
ANTLR runtime and generated code versions disagree: 4.13.2!=4.10
<lfr.graphmatch.matchpattern.MatchPattern object at 0x7103b7fa8eb0>
[('analyte', 'premix_in_a_MIX_(+)_in_b_1'), ('primer', 'premix_in_a_MIX_(+)_in_b_1'), ('buffer', 'premix_in_a_MIX_(+)_in_b_1_MIX_(+)_in_c_2'), ('oil_phase', 'react_in_1_PROCESS_(&)_0'), ('premix_in_a_MIX_(+)_in_b_1', 'premix_in_a_MIX_(+)_in_b_1_MIX_(+)_in_c_2'), ('premix_in_a_MIX_(+)_in_b_1_MIX_(+)_in_c_2', 'premix_in_a_MIX_(+)_in_b_1_MIX_(+)_in_c_2_PROCESS_(~)_3'), ('premix_in_a_MIX_(+)_in_b_1_MIX_(+)_in_c_2_PROCESS_(~)_3', 'FLOW_component_replacement_0'), ('react_in_1_PROCESS_(&)_0', 'outlet')]
Templates Here
Structural Template Nodes: [('v1', {})]
Structural Template Edges: []
Node v1 has the following constraints:
[]
Templates End
[('5b0789de1846a32aa239997c6b11eba8', 'PORT', {'oil_phase': 'v1'}), ('5b0789de1846a32aa239997c6b11eba8', 'PORT', {'primer': 'v1'}), ('5b0789de1846a32aa239997c6b11eba8', 'PORT', {'outlet': 'v1'}), ('5b0789de1846a32aa239997c6b11eba8', 'PORT', {'analyte': 'v1'}), ('5b0789de1846a32aa239997c6b11eba8', 'PORT', {'buffer': 'v1'}), ('3888a3a085a0b78f43d9ad9257fb94cd', 'MIXER', {'premix_in_a_MIX_(+)_in_b_1': 'v1'}), ('3888a3a085a0b78f43d9ad9257fb94cd', 'MIXER', {'premix_in_a_MIX_(+)_in_b_1_MIX_(+)_in_c_2': 'v1'})]
d949473e8c28c7624371eb1477dc026b
ANTLR runtime and generated code versions disagree: 4.13.2!=4.10
ANTLR runtime and generated code versions disagree: 4.13.2!=4.10
<lfr.graphmatch.matchpattern.MatchPattern object at 0x7103b7faad40>
[('analyte', 'premix_in_a_MIX_(+)_in_b_1'), ('primer', 'premix_in_a_MIX_(+)_in_b_1'), ('buffer', 'premix_in_a_MIX_(+)_in_b_1_MIX_(+)_in_c_2'), ('oil_phase', 'react_in_1_PROCESS_(&)_0'), ('premix_in_a_MIX_(+)_in_b_1', 'premix_in_a_MIX_(+)_in_b_1_MIX_(+)_in_c_2'), ('premix_in_a_MIX_(+)_in_b_1_MIX_(+)_in_c_2', 'premix_in_a_MIX_(+)_in_b_1_MIX_(+)_in_c_2_PROCESS_(~)_3'), ('premix_in_a_MIX_(+)_in_b_1_MIX_(+)_in_c_2_PROCESS_(~)_3', 'FLOW_component_replacement_0'), ('react_in_1_PROCESS_(&)_0', 'outlet')]
Templates Here
Structural Template Nodes: [('v1', {})]
Structural Template Edges: []
Node v1 has the following constraints:
[]
Templates End
[('5b0789de1846a32aa239997c6b11eba8', 'PORT', {'oil_phase': 'v1'}), ('5b0789de1846a32aa239997c6b11eba8', 'PORT', {'primer': 'v1'}), ('5b0789de1846a32aa239997c6b11eba8', 'PORT', {'outlet': 'v1'}), ('5b0789de1846a32aa239997c6b11eba8', 'PORT', {'analyte': 'v1'}), ('5b0789de1846a32aa239997c6b11eba8', 'PORT', {'buffer': 'v1'}), ('3888a3a085a0b78f43d9ad9257fb94cd', 'MIXER', {'premix_in_a_MIX_(+)_in_b_1': 'v1'}), ('3888a3a085a0b78f43d9ad9257fb94cd', 'MIXER', {'premix_in_a_MIX_(+)_in_b_1_MIX_(+)_in_c_2': 'v1'})]
cdea77c5343e10aa9ebcb993ab494b7b
ANTLR runtime and generated code versions disagree: 4.13.2!=4.10
ANTLR runtime and generated code versions disagree: 4.13.2!=4.10
<lfr.graphmatch.matchpattern.MatchPattern object at 0x7103b7fab490>
[('analyte', 'premix_in_a_MIX_(+)_in_b_1'), ('primer', 'premix_in_a_MIX_(+)_in_b_1'), ('buffer', 'premix_in_a_MIX_(+)_in_b_1_MIX_(+)_in_c_2'), ('oil_phase', 'react_in_1_PROCESS_(&)_0'), ('premix_in_a_MIX_(+)_in_b_1', 'premix_in_a_MIX_(+)_in_b_1_MIX_(+)_in_c_2'), ('premix_in_a_MIX_(+)_in_b_1_MIX_(+)_in_c_2', 'premix_in_a_MIX_(+)_in_b_1_MIX_(+)_in_c_2_PROCESS_(~)_3'), ('premix_in_a_MIX_(+)_in_b_1_MIX_(+)_in_c_2_PROCESS_(~)_3', 'FLOW_component_replacement_0'), ('react_in_1_PROCESS_(&)_0', 'outlet')]
Templates Here
Structural Template Nodes: [('v1', {})]
Structural Template Edges: []
Node v1 has the following constraints:
[]
Templates End
Found Match: cdea77c5343e10aa9ebcb993ab494b7b
{'react_in_1_PROCESS_(&)_0': 'v1'}
Found Match: cdea77c5343e10aa9ebcb993ab494b7b
{'premix_in_a_MIX_(+)_in_b_1_MIX_(+)_in_c_2_PROCESS_(~)_3': 'v1'}
[('5b0789de1846a32aa239997c6b11eba8', 'PORT', {'oil_phase': 'v1'}), ('5b0789de1846a32aa239997c6b11eba8', 'PORT', {'primer': 'v1'}), ('5b0789de1846a32aa239997c6b11eba8', 'PORT', {'outlet': 'v1'}), ('5b0789de1846a32aa239997c6b11eba8', 'PORT', {'analyte': 'v1'}), ('5b0789de1846a32aa239997c6b11eba8', 'PORT', {'buffer': 'v1'}), ('3888a3a085a0b78f43d9ad9257fb94cd', 'MIXER', {'premix_in_a_MIX_(+)_in_b_1': 'v1'}), ('3888a3a085a0b78f43d9ad9257fb94cd', 'MIXER', {'premix_in_a_MIX_(+)_in_b_1_MIX_(+)_in_c_2': 'v1'}), ('cdea77c5343e10aa9ebcb993ab494b7b', 'DROPLET CAPACITANCE SENSOR', {'react_in_1_PROCESS_(&)_0': 'v1'}), ('cdea77c5343e10aa9ebcb993ab494b7b', 'DROPLET CAPACITANCE SENSOR', {'premix_in_a_MIX_(+)_in_b_1_MIX_(+)_in_c_2_PROCESS_(~)_3': 'v1'})]
ddafeac84b5c1d4256c02be0327aad6b
ANTLR runtime and generated code versions disagree: 4.13.2!=4.10
ANTLR runtime and generated code versions disagree: 4.13.2!=4.10
<lfr.graphmatch.matchpattern.MatchPattern object at 0x7103b7faa590>
[('analyte', 'premix_in_a_MIX_(+)_in_b_1'), ('primer', 'premix_in_a_MIX_(+)_in_b_1'), ('buffer', 'premix_in_a_MIX_(+)_in_b_1_MIX_(+)_in_c_2'), ('oil_phase', 'react_in_1_PROCESS_(&)_0'), ('premix_in_a_MIX_(+)_in_b_1', 'premix_in_a_MIX_(+)_in_b_1_MIX_(+)_in_c_2'), ('premix_in_a_MIX_(+)_in_b_1_MIX_(+)_in_c_2', 'premix_in_a_MIX_(+)_in_b_1_MIX_(+)_in_c_2_PROCESS_(~)_3'), ('premix_in_a_MIX_(+)_in_b_1_MIX_(+)_in_c_2_PROCESS_(~)_3', 'FLOW_component_replacement_0'), ('react_in_1_PROCESS_(&)_0', 'outlet')]
Templates Here
Structural Template Nodes: [('v1', {})]
Structural Template Edges: []
Node v1 has the following constraints:
[]
Templates End
[('5b0789de1846a32aa239997c6b11eba8', 'PORT', {'oil_phase': 'v1'}), ('5b0789de1846a32aa239997c6b11eba8', 'PORT', {'primer': 'v1'}), ('5b0789de1846a32aa239997c6b11eba8', 'PORT', {'outlet': 'v1'}), ('5b0789de1846a32aa239997c6b11eba8', 'PORT', {'analyte': 'v1'}), ('5b0789de1846a32aa239997c6b11eba8', 'PORT', {'buffer': 'v1'}), ('3888a3a085a0b78f43d9ad9257fb94cd', 'MIXER', {'premix_in_a_MIX_(+)_in_b_1': 'v1'}), ('3888a3a085a0b78f43d9ad9257fb94cd', 'MIXER', {'premix_in_a_MIX_(+)_in_b_1_MIX_(+)_in_c_2': 'v1'}), ('cdea77c5343e10aa9ebcb993ab494b7b', 'DROPLET CAPACITANCE SENSOR', {'react_in_1_PROCESS_(&)_0': 'v1'}), ('cdea77c5343e10aa9ebcb993ab494b7b', 'DROPLET CAPACITANCE SENSOR', {'premix_in_a_MIX_(+)_in_b_1_MIX_(+)_in_c_2_PROCESS_(~)_3': 'v1'})]
cd9f240e7e4fed74b91aa6e3b94eec01
ANTLR runtime and generated code versions disagree: 4.13.2!=4.10
ANTLR runtime and generated code versions disagree: 4.13.2!=4.10
<lfr.graphmatch.matchpattern.MatchPattern object at 0x7103ce5cb730>
[('analyte', 'premix_in_a_MIX_(+)_in_b_1'), ('primer', 'premix_in_a_MIX_(+)_in_b_1'), ('buffer', 'premix_in_a_MIX_(+)_in_b_1_MIX_(+)_in_c_2'), ('oil_phase', 'react_in_1_PROCESS_(&)_0'), ('premix_in_a_MIX_(+)_in_b_1', 'premix_in_a_MIX_(+)_in_b_1_MIX_(+)_in_c_2'), ('premix_in_a_MIX_(+)_in_b_1_MIX_(+)_in_c_2', 'premix_in_a_MIX_(+)_in_b_1_MIX_(+)_in_c_2_PROCESS_(~)_3'), ('premix_in_a_MIX_(+)_in_b_1_MIX_(+)_in_c_2_PROCESS_(~)_3', 'FLOW_component_replacement_0'), ('react_in_1_PROCESS_(&)_0', 'outlet')]
Templates Here
Structural Template Nodes: [('v1', {})]
Structural Template Edges: []
Node v1 has the following constraints:
[]
Templates End
[('5b0789de1846a32aa239997c6b11eba8', 'PORT', {'oil_phase': 'v1'}), ('5b0789de1846a32aa239997c6b11eba8', 'PORT', {'primer': 'v1'}), ('5b0789de1846a32aa239997c6b11eba8', 'PORT', {'outlet': 'v1'}), ('5b0789de1846a32aa239997c6b11eba8', 'PORT', {'analyte': 'v1'}), ('5b0789de1846a32aa239997c6b11eba8', 'PORT', {'buffer': 'v1'}), ('3888a3a085a0b78f43d9ad9257fb94cd', 'MIXER', {'premix_in_a_MIX_(+)_in_b_1': 'v1'}), ('3888a3a085a0b78f43d9ad9257fb94cd', 'MIXER', {'premix_in_a_MIX_(+)_in_b_1_MIX_(+)_in_c_2': 'v1'}), ('cdea77c5343e10aa9ebcb993ab494b7b', 'DROPLET CAPACITANCE SENSOR', {'react_in_1_PROCESS_(&)_0': 'v1'}), ('cdea77c5343e10aa9ebcb993ab494b7b', 'DROPLET CAPACITANCE SENSOR', {'premix_in_a_MIX_(+)_in_b_1_MIX_(+)_in_c_2_PROCESS_(~)_3': 'v1'})]
26f0a16b9d1878f24029199874cd778b
ANTLR runtime and generated code versions disagree: 4.13.2!=4.10
ANTLR runtime and generated code versions disagree: 4.13.2!=4.10
<lfr.graphmatch.matchpattern.MatchPattern object at 0x7103b7faba30>
[('analyte', 'premix_in_a_MIX_(+)_in_b_1'), ('primer', 'premix_in_a_MIX_(+)_in_b_1'), ('buffer', 'premix_in_a_MIX_(+)_in_b_1_MIX_(+)_in_c_2'), ('oil_phase', 'react_in_1_PROCESS_(&)_0'), ('premix_in_a_MIX_(+)_in_b_1', 'premix_in_a_MIX_(+)_in_b_1_MIX_(+)_in_c_2'), ('premix_in_a_MIX_(+)_in_b_1_MIX_(+)_in_c_2', 'premix_in_a_MIX_(+)_in_b_1_MIX_(+)_in_c_2_PROCESS_(~)_3'), ('premix_in_a_MIX_(+)_in_b_1_MIX_(+)_in_c_2_PROCESS_(~)_3', 'FLOW_component_replacement_0'), ('react_in_1_PROCESS_(&)_0', 'outlet')]
Templates Here
Structural Template Nodes: [('v1', {})]
Structural Template Edges: []
Node v1 has the following constraints:
[]
Templates End
[('5b0789de1846a32aa239997c6b11eba8', 'PORT', {'oil_phase': 'v1'}), ('5b0789de1846a32aa239997c6b11eba8', 'PORT', {'primer': 'v1'}), ('5b0789de1846a32aa239997c6b11eba8', 'PORT', {'outlet': 'v1'}), ('5b0789de1846a32aa239997c6b11eba8', 'PORT', {'analyte': 'v1'}), ('5b0789de1846a32aa239997c6b11eba8', 'PORT', {'buffer': 'v1'}), ('3888a3a085a0b78f43d9ad9257fb94cd', 'MIXER', {'premix_in_a_MIX_(+)_in_b_1': 'v1'}), ('3888a3a085a0b78f43d9ad9257fb94cd', 'MIXER', {'premix_in_a_MIX_(+)_in_b_1_MIX_(+)_in_c_2': 'v1'}), ('cdea77c5343e10aa9ebcb993ab494b7b', 'DROPLET CAPACITANCE SENSOR', {'react_in_1_PROCESS_(&)_0': 'v1'}), ('cdea77c5343e10aa9ebcb993ab494b7b', 'DROPLET CAPACITANCE SENSOR', {'premix_in_a_MIX_(+)_in_b_1_MIX_(+)_in_c_2_PROCESS_(~)_3': 'v1'})]
c9770124d971f8583173f0dd28b4017b
ANTLR runtime and generated code versions disagree: 4.13.2!=4.10
ANTLR runtime and generated code versions disagree: 4.13.2!=4.10
<lfr.graphmatch.matchpattern.MatchPattern object at 0x7103b7fab5b0>
[('analyte', 'premix_in_a_MIX_(+)_in_b_1'), ('primer', 'premix_in_a_MIX_(+)_in_b_1'), ('buffer', 'premix_in_a_MIX_(+)_in_b_1_MIX_(+)_in_c_2'), ('oil_phase', 'react_in_1_PROCESS_(&)_0'), ('premix_in_a_MIX_(+)_in_b_1', 'premix_in_a_MIX_(+)_in_b_1_MIX_(+)_in_c_2'), ('premix_in_a_MIX_(+)_in_b_1_MIX_(+)_in_c_2', 'premix_in_a_MIX_(+)_in_b_1_MIX_(+)_in_c_2_PROCESS_(~)_3'), ('premix_in_a_MIX_(+)_in_b_1_MIX_(+)_in_c_2_PROCESS_(~)_3', 'FLOW_component_replacement_0'), ('react_in_1_PROCESS_(&)_0', 'outlet')]
Templates Here
Structural Template Nodes: [('v1', {})]
Structural Template Edges: []
Node v1 has the following constraints:
[]
Templates End
[('5b0789de1846a32aa239997c6b11eba8', 'PORT', {'oil_phase': 'v1'}), ('5b0789de1846a32aa239997c6b11eba8', 'PORT', {'primer': 'v1'}), ('5b0789de1846a32aa239997c6b11eba8', 'PORT', {'outlet': 'v1'}), ('5b0789de1846a32aa239997c6b11eba8', 'PORT', {'analyte': 'v1'}), ('5b0789de1846a32aa239997c6b11eba8', 'PORT', {'buffer': 'v1'}), ('3888a3a085a0b78f43d9ad9257fb94cd', 'MIXER', {'premix_in_a_MIX_(+)_in_b_1': 'v1'}), ('3888a3a085a0b78f43d9ad9257fb94cd', 'MIXER', {'premix_in_a_MIX_(+)_in_b_1_MIX_(+)_in_c_2': 'v1'}), ('cdea77c5343e10aa9ebcb993ab494b7b', 'DROPLET CAPACITANCE SENSOR', {'react_in_1_PROCESS_(&)_0': 'v1'}), ('cdea77c5343e10aa9ebcb993ab494b7b', 'DROPLET CAPACITANCE SENSOR', {'premix_in_a_MIX_(+)_in_b_1_MIX_(+)_in_c_2_PROCESS_(~)_3': 'v1'})]
09781c385e672251742ca6cc07e56759
ANTLR runtime and generated code versions disagree: 4.13.2!=4.10
ANTLR runtime and generated code versions disagree: 4.13.2!=4.10
<lfr.graphmatch.matchpattern.MatchPattern object at 0x7103b7fab520>
[('analyte', 'premix_in_a_MIX_(+)_in_b_1'), ('primer', 'premix_in_a_MIX_(+)_in_b_1'), ('buffer', 'premix_in_a_MIX_(+)_in_b_1_MIX_(+)_in_c_2'), ('oil_phase', 'react_in_1_PROCESS_(&)_0'), ('premix_in_a_MIX_(+)_in_b_1', 'premix_in_a_MIX_(+)_in_b_1_MIX_(+)_in_c_2'), ('premix_in_a_MIX_(+)_in_b_1_MIX_(+)_in_c_2', 'premix_in_a_MIX_(+)_in_b_1_MIX_(+)_in_c_2_PROCESS_(~)_3'), ('premix_in_a_MIX_(+)_in_b_1_MIX_(+)_in_c_2_PROCESS_(~)_3', 'FLOW_component_replacement_0'), ('react_in_1_PROCESS_(&)_0', 'outlet')]
Templates Here
Structural Template Nodes: [('v1', {})]
Structural Template Edges: []
Node v1 has the following constraints:
[]
Templates End
[('5b0789de1846a32aa239997c6b11eba8', 'PORT', {'oil_phase': 'v1'}), ('5b0789de1846a32aa239997c6b11eba8', 'PORT', {'primer': 'v1'}), ('5b0789de1846a32aa239997c6b11eba8', 'PORT', {'outlet': 'v1'}), ('5b0789de1846a32aa239997c6b11eba8', 'PORT', {'analyte': 'v1'}), ('5b0789de1846a32aa239997c6b11eba8', 'PORT', {'buffer': 'v1'}), ('3888a3a085a0b78f43d9ad9257fb94cd', 'MIXER', {'premix_in_a_MIX_(+)_in_b_1': 'v1'}), ('3888a3a085a0b78f43d9ad9257fb94cd', 'MIXER', {'premix_in_a_MIX_(+)_in_b_1_MIX_(+)_in_c_2': 'v1'}), ('cdea77c5343e10aa9ebcb993ab494b7b', 'DROPLET CAPACITANCE SENSOR', {'react_in_1_PROCESS_(&)_0': 'v1'}), ('cdea77c5343e10aa9ebcb993ab494b7b', 'DROPLET CAPACITANCE SENSOR', {'premix_in_a_MIX_(+)_in_b_1_MIX_(+)_in_c_2_PROCESS_(~)_3': 'v1'})]
1159f8c0f6837f1916dd1b43d142fa9d
ANTLR runtime and generated code versions disagree: 4.13.2!=4.10
ANTLR runtime and generated code versions disagree: 4.13.2!=4.10
<lfr.graphmatch.matchpattern.MatchPattern object at 0x7103b7fab550>
[('analyte', 'premix_in_a_MIX_(+)_in_b_1'), ('primer', 'premix_in_a_MIX_(+)_in_b_1'), ('buffer', 'premix_in_a_MIX_(+)_in_b_1_MIX_(+)_in_c_2'), ('oil_phase', 'react_in_1_PROCESS_(&)_0'), ('premix_in_a_MIX_(+)_in_b_1', 'premix_in_a_MIX_(+)_in_b_1_MIX_(+)_in_c_2'), ('premix_in_a_MIX_(+)_in_b_1_MIX_(+)_in_c_2', 'premix_in_a_MIX_(+)_in_b_1_MIX_(+)_in_c_2_PROCESS_(~)_3'), ('premix_in_a_MIX_(+)_in_b_1_MIX_(+)_in_c_2_PROCESS_(~)_3', 'FLOW_component_replacement_0'), ('react_in_1_PROCESS_(&)_0', 'outlet')]
Templates Here
Structural Template Nodes: [('v1', {})]
Structural Template Edges: []
Node v1 has the following constraints:
[]
Templates End
[('5b0789de1846a32aa239997c6b11eba8', 'PORT', {'oil_phase': 'v1'}), ('5b0789de1846a32aa239997c6b11eba8', 'PORT', {'primer': 'v1'}), ('5b0789de1846a32aa239997c6b11eba8', 'PORT', {'outlet': 'v1'}), ('5b0789de1846a32aa239997c6b11eba8', 'PORT', {'analyte': 'v1'}), ('5b0789de1846a32aa239997c6b11eba8', 'PORT', {'buffer': 'v1'}), ('3888a3a085a0b78f43d9ad9257fb94cd', 'MIXER', {'premix_in_a_MIX_(+)_in_b_1': 'v1'}), ('3888a3a085a0b78f43d9ad9257fb94cd', 'MIXER', {'premix_in_a_MIX_(+)_in_b_1_MIX_(+)_in_c_2': 'v1'}), ('cdea77c5343e10aa9ebcb993ab494b7b', 'DROPLET CAPACITANCE SENSOR', {'react_in_1_PROCESS_(&)_0': 'v1'}), ('cdea77c5343e10aa9ebcb993ab494b7b', 'DROPLET CAPACITANCE SENSOR', {'premix_in_a_MIX_(+)_in_b_1_MIX_(+)_in_c_2_PROCESS_(~)_3': 'v1'})]
feb0fbd9a78edd7b903246b2de78427e
Warning ! - Missing match string for mint- feb0fbd9a78edd7b903246b2de78427e
[('5b0789de1846a32aa239997c6b11eba8', 'PORT', {'oil_phase': 'v1'}), ('5b0789de1846a32aa239997c6b11eba8', 'PORT', {'primer': 'v1'}), ('5b0789de1846a32aa239997c6b11eba8', 'PORT', {'outlet': 'v1'}), ('5b0789de1846a32aa239997c6b11eba8', 'PORT', {'analyte': 'v1'}), ('5b0789de1846a32aa239997c6b11eba8', 'PORT', {'buffer': 'v1'}), ('3888a3a085a0b78f43d9ad9257fb94cd', 'MIXER', {'premix_in_a_MIX_(+)_in_b_1': 'v1'}), ('3888a3a085a0b78f43d9ad9257fb94cd', 'MIXER', {'premix_in_a_MIX_(+)_in_b_1_MIX_(+)_in_c_2': 'v1'}), ('cdea77c5343e10aa9ebcb993ab494b7b', 'DROPLET CAPACITANCE SENSOR', {'react_in_1_PROCESS_(&)_0': 'v1'}), ('cdea77c5343e10aa9ebcb993ab494b7b', 'DROPLET CAPACITANCE SENSOR', {'premix_in_a_MIX_(+)_in_b_1_MIX_(+)_in_c_2_PROCESS_(~)_3': 'v1'})]
f52e9c50a060add65a035429b2a22229
Warning ! - Missing match string for mint- f52e9c50a060add65a035429b2a22229
Ret here
[('5b0789de1846a32aa239997c6b11eba8', 'PORT', {'oil_phase': 'v1'}), ('5b0789de1846a32aa239997c6b11eba8', 'PORT', {'primer': 'v1'}), ('5b0789de1846a32aa239997c6b11eba8', 'PORT', {'outlet': 'v1'}), ('5b0789de1846a32aa239997c6b11eba8', 'PORT', {'analyte': 'v1'}), ('5b0789de1846a32aa239997c6b11eba8', 'PORT', {'buffer': 'v1'}), ('3888a3a085a0b78f43d9ad9257fb94cd', 'MIXER', {'premix_in_a_MIX_(+)_in_b_1': 'v1'}), ('3888a3a085a0b78f43d9ad9257fb94cd', 'MIXER', {'premix_in_a_MIX_(+)_in_b_1_MIX_(+)_in_c_2': 'v1'}), ('cdea77c5343e10aa9ebcb993ab494b7b', 'DROPLET CAPACITANCE SENSOR', {'react_in_1_PROCESS_(&)_0': 'v1'}), ('cdea77c5343e10aa9ebcb993ab494b7b', 'DROPLET CAPACITANCE SENSOR', {'premix_in_a_MIX_(+)_in_b_1_MIX_(+)_in_c_2_PROCESS_(~)_3': 'v1'})]
Total Matches against library : 9
Start of Matches
('5b0789de1846a32aa239997c6b11eba8', 'PORT', {'oil_phase': 'v1'})
('5b0789de1846a32aa239997c6b11eba8', 'PORT', {'primer': 'v1'})
('5b0789de1846a32aa239997c6b11eba8', 'PORT', {'outlet': 'v1'})
('5b0789de1846a32aa239997c6b11eba8', 'PORT', {'analyte': 'v1'})
('5b0789de1846a32aa239997c6b11eba8', 'PORT', {'buffer': 'v1'})
('3888a3a085a0b78f43d9ad9257fb94cd', 'MIXER', {'premix_in_a_MIX_(+)_in_b_1': 'v1'})
('3888a3a085a0b78f43d9ad9257fb94cd', 'MIXER', {'premix_in_a_MIX_(+)_in_b_1_MIX_(+)_in_c_2': 'v1'})
('cdea77c5343e10aa9ebcb993ab494b7b', 'DROPLET CAPACITANCE SENSOR', {'react_in_1_PROCESS_(&)_0': 'v1'})
('cdea77c5343e10aa9ebcb993ab494b7b', 'DROPLET CAPACITANCE SENSOR', {'premix_in_a_MIX_(+)_in_b_1_MIX_(+)_in_c_2_PROCESS_(~)_3': 'v1'})
End of matches
Eliminating match: [('cdea77c5343e10aa9ebcb993ab494b7b', 'DROPLET CAPACITANCE SENSOR', {'premix_in_a_MIX_(+)_in_b_1_MIX_(+)_in_c_2_PROCESS_(~)_3': 'v1'})]
Eliminating match: []
Eliminating match: [('cdea77c5343e10aa9ebcb993ab494b7b', 'DROPLET CAPACITANCE SENSOR', {'react_in_1_PROCESS_(&)_0': 'v1'})]
Eliminating match: []
Total matches against library after explicit mapping eliminations: 9
{'oil_phase'}
{'primer'}
{'outlet'}
{'analyte'}
{'buffer'}
{'premix_in_a_MIX_(+)_in_b_1'}
{'premix_in_a_MIX_(+)_in_b_1_MIX_(+)_in_c_2'}
{'premix_in_a_MIX_(+)_in_b_1_MIX_(+)_in_c_2_PROCESS_(~)_3'}
{'react_in_1_PROCESS_(&)_0'}
Moving Max Set Cover to the front: [{'oil_phase'}, {'primer'}, {'outlet'}, {'analyte'}, {'buffer'}, {'premix_in_a_MIX_(+)_in_b_1'}, {'premix_in_a_MIX_(+)_in_b_1_MIX_(+)_in_c_2'}, {'premix_in_a_MIX_(+)_in_b_1_MIX_(+)_in_c_2_PROCESS_(~)_3'}, {'react_in_1_PROCESS_(&)_0'}]
react_in_1_PROCESS_(&)_0
oil_phase
outlet
primer
premix_in_a_MIX_(+)_in_b_1_MIX_(+)_in_c_2_PROCESS_(~)_3
premix_in_a_MIX_(+)_in_b_1
analyte
premix_in_a_MIX_(+)_in_b_1_MIX_(+)_in_c_2
buffer
Moving Explicit Matches to the front: [{'premix_in_a_MIX_(+)_in_b_1_MIX_(+)_in_c_2_PROCESS_(~)_3'}, {'react_in_1_PROCESS_(&)_0'}]
Checking Match: ('6fc35c7c22084cae72e62a0163574d8c', 'INCUBATOR', {'react_in_1_PROCESS_(&)_0': 'v1'})
Warning: Implment how the connecting option is mapped to match string node
Warning: Implment how the connecting option is mapped to match string node
Warning: Implment how the connecting option is mapped to match string node
Warning: Implment how the connecting option is mapped to match string node
Adding node cn_incubator_1 to variant variant_0
Checking Match: ('3888a3a085a0b78f43d9ad9257fb94cd', 'MIXER', {'premix_in_a_MIX_(+)_in_b_1_MIX_(+)_in_c_2_PROCESS_(~)_3': 'v1'})
Warning: Implment how the connecting option is mapped to match string node
Warning: Implment how the connecting option is mapped to match string node
Warning: Implment how the connecting option is mapped to match string node
Warning: Implment how the connecting option is mapped to match string node
Adding node cn_mixer_1 to variant variant_0
Checking Match: ('3888a3a085a0b78f43d9ad9257fb94cd', 'MIXER', {'premix_in_a_MIX_(+)_in_b_1_MIX_(+)_in_c_2': 'v1'})
Warning: Implment how the connecting option is mapped to match string node
Warning: Implment how the connecting option is mapped to match string node
Warning: Implment how the connecting option is mapped to match string node
Warning: Implment how the connecting option is mapped to match string node
Adding node cn_mixer_2 to variant variant_0
Checking Match: ('3888a3a085a0b78f43d9ad9257fb94cd', 'MIXER', {'premix_in_a_MIX_(+)_in_b_1': 'v1'})
Warning: Implment how the connecting option is mapped to match string node
Warning: Implment how the connecting option is mapped to match string node
Warning: Implment how the connecting option is mapped to match string node
Warning: Implment how the connecting option is mapped to match string node
Adding node cn_mixer_3 to variant variant_0
Checking Match: ('5b0789de1846a32aa239997c6b11eba8', 'PORT', {'buffer': 'v1'})
Warning: Implment how the connecting option is mapped to match string node
Warning: Implment how the connecting option is mapped to match string node
Warning: Implment how the connecting option is mapped to match string node
Warning: Implment how the connecting option is mapped to match string node
Adding node cn_port_1 to variant variant_0
Checking Match: ('5b0789de1846a32aa239997c6b11eba8', 'PORT', {'analyte': 'v1'})
Warning: Implment how the connecting option is mapped to match string node
Warning: Implment how the connecting option is mapped to match string node
Warning: Implment how the connecting option is mapped to match string node
Warning: Implment how the connecting option is mapped to match string node
Adding node cn_port_2 to variant variant_0
Checking Match: ('5b0789de1846a32aa239997c6b11eba8', 'PORT', {'outlet': 'v1'})
Warning: Implment how the connecting option is mapped to match string node
Warning: Implment how the connecting option is mapped to match string node
Warning: Implment how the connecting option is mapped to match string node
Warning: Implment how the connecting option is mapped to match string node
Adding node cn_port_3 to variant variant_0
Checking Match: ('5b0789de1846a32aa239997c6b11eba8', 'PORT', {'primer': 'v1'})
Warning: Implment how the connecting option is mapped to match string node
Warning: Implment how the connecting option is mapped to match string node
Warning: Implment how the connecting option is mapped to match string node
Warning: Implment how the connecting option is mapped to match string node
Adding node cn_port_4 to variant variant_0
Checking Match: ('5b0789de1846a32aa239997c6b11eba8', 'PORT', {'oil_phase': 'v1'})
Warning: Implment how the connecting option is mapped to match string node
Warning: Implment how the connecting option is mapped to match string node
Warning: Implment how the connecting option is mapped to match string node
Warning: Implment how the connecting option is mapped to match string node
Adding node cn_port_5 to variant variant_0
Variant variant_0:
cn_incubator_1
cn_mixer_1
cn_mixer_2
cn_mixer_3
cn_port_1
cn_port_2
cn_port_3
cn_port_4
cn_port_5
File Path: /home/cidar-ron/Downloads/Neptune_2026/Microfluidics-Benchmarks/Results/Quick_Examples/import_droplet_reaction/import_droplet_reaction/variant_0_construction.dot
Connected Nodes
cn_incubator_1
cn_port_3
Connected Nodes
cn_mixer_2
cn_mixer_1
Connected Nodes
cn_mixer_3
cn_mixer_2
Connected Nodes
cn_port_1
cn_mixer_2
Connected Nodes
cn_port_2
cn_mixer_3
Connected Nodes
cn_port_4
cn_mixer_3
Connected Nodes
cn_port_5
cn_incubator_1
Nodes to Traverse: <generator object dfs_preorder_nodes.<locals>.<genexpr> at 0x7103b7f7d8c0>
Pulling Default Values of Components
Deleted unsupported param "position" from component reaction_chamber_1 : REACTION CHAMBER
Deleted unsupported param "position" from component port_1 : PORT
Deleted unsupported param "position" from component mixer_1 : MIXER
Deleted unsupported param "position" from component mixer_2 : MIXER
Deleted unsupported param "position" from component mixer_3 : MIXER
Deleted unsupported param "position" from component port_2 : PORT
Deleted unsupported param "position" from component port_3 : PORT
Deleted unsupported param "position" from component port_4 : PORT
Deleted unsupported param "position" from component port_5 : PORT
Pulling Dimensions of Components
Pulling Terminals of Components
/home/cidar-ron/Downloads/Neptune_2026/Microfluidics-Benchmarks/Results/Quick_Examples/import_droplet_reaction/import_droplet_reaction/variant_0
output dir: Microfluidics-Benchmarks/Results/Quick_Examples/import_droplet_reaction
Running File: Microfluidics-Benchmarks/Results/Quick_Examples/import_droplet_reaction/import_droplet_reaction_fromLFR.json
Starting terminal/port assignment ...
Reducing the Size of the device and adding device padding: 20000 um
Updated the device dimensions: (124180, 65000) microns
Completed simple linear placement fallback.
Wrote: /home/cidar-ron/Downloads/Neptune_2026/Microfluidics-Benchmarks/Results/Quick_Examples/import_droplet_reaction/import_droplet_reaction_fromLFR_PR.json
✓ LFR synthesis + placed/routed under ./Microfluidics-Benchmarks/Results/Quick_Examples/import_droplet_reaction
>> synthesize: ./Microfluidics-Benchmarks/Quick_Examples/import_mixer_and_incubator.lfr (variant 0)
line 2:25 extraneous input 'CHAMBER' expecting {',', '}'}
 _____ _       _       _ 
|  ___| |_   _(_) __ _(_)
| |_  | | | | | |/ _` | |
|  _| | | |_| | | (_| | |
|_|   |_|\__,_|_|\__, |_|
                 |___/   

['/home/cidar-ron/Downloads/Neptune_2026/pylfr/library', './Microfluidics-Benchmarks/Quick_Examples']
Loading all LFR Files from lib Directories:
-- Loading form path /home/cidar-ron/Downloads/Neptune_2026/pylfr/library
Storing into library: /home/cidar-ron/Downloads/Neptune_2026/pylfr/library/default-modules/mux.lfr
Storing into library: /home/cidar-ron/Downloads/Neptune_2026/pylfr/library/default-modules/tree.lfr
Storing into library: /home/cidar-ron/Downloads/Neptune_2026/pylfr/library/default-modules/port.lfr
Storing into library: /home/cidar-ron/Downloads/Neptune_2026/pylfr/library/default-modules/picoinjector.lfr
Storing into library: /home/cidar-ron/Downloads/Neptune_2026/pylfr/library/default-modules/mixer.lfr
Storing into library: /home/cidar-ron/Downloads/Neptune_2026/pylfr/library/default-modules/valve.lfr
Storing into library: /home/cidar-ron/Downloads/Neptune_2026/pylfr/library/default-modules/nozzle_droplet_generator.lfr
Storing into library: /home/cidar-ron/Downloads/Neptune_2026/pylfr/library/default-modules/channel.lfr
Storing into library: /home/cidar-ron/Downloads/Neptune_2026/pylfr/library/default-modules/reaction_chamber.lfr
-- Loading form path ./Microfluidics-Benchmarks/Quick_Examples
Storing into library: /home/cidar-ron/Downloads/Neptune_2026/Microfluidics-Benchmarks/Quick_Examples/flow_and_control_demo.lfr
Storing into library: /home/cidar-ron/Downloads/Neptune_2026/Microfluidics-Benchmarks/Quick_Examples/import_droplet_reaction.lfr
Storing into library: /home/cidar-ron/Downloads/Neptune_2026/Microfluidics-Benchmarks/Quick_Examples/import_mixer_and_incubator.lfr
Storing into library: /home/cidar-ron/Downloads/Neptune_2026/Microfluidics-Benchmarks/Quick_Examples/flow_only_demo.lfr
Storing into library: /home/cidar-ron/Downloads/Neptune_2026/Microfluidics-Benchmarks/Quick_Examples/import_parallel_premix.lfr
Storing into library: /home/cidar-ron/Downloads/Neptune_2026/Microfluidics-Benchmarks/Quick_Examples/library/two_in_mixer.lfr
Storing into library: /home/cidar-ron/Downloads/Neptune_2026/Microfluidics-Benchmarks/Quick_Examples/library/three_in_mixer.lfr
Storing into library: /home/cidar-ron/Downloads/Neptune_2026/Microfluidics-Benchmarks/Quick_Examples/library/droplet_generator.lfr
Storing into library: /home/cidar-ron/Downloads/Neptune_2026/Microfluidics-Benchmarks/Quick_Examples/library/incubator.lfr
Input Path: /home/cidar-ron/Downloads/Neptune_2026/Microfluidics-Benchmarks/Quick_Examples/import_mixer_and_incubator.lfr
File: /home/cidar-ron/Downloads/Neptune_2026/Microfluidics-Benchmarks/Quick_Examples/import_mixer_and_incubator.lfr
ANTLR runtime and generated code versions disagree: 4.13.2!=4.10.1
ANTLR runtime and generated code versions disagree: 4.13.2!=4.10.1
Using Library Design at Path: /home/cidar-ron/Downloads/Neptune_2026/Microfluidics-Benchmarks/Quick_Examples/library/two_in_mixer.lfr
Input Path: /home/cidar-ron/Downloads/Neptune_2026/Microfluidics-Benchmarks/Quick_Examples/library/two_in_mixer.lfr
Using Library Design at Path: /home/cidar-ron/Downloads/Neptune_2026/Microfluidics-Benchmarks/Quick_Examples/library/incubator.lfr
Input Path: /home/cidar-ron/Downloads/Neptune_2026/Microfluidics-Benchmarks/Quick_Examples/library/incubator.lfr
['incubator.lfr', 'two_in_mixer.lfr', 'import_mixer_and_incubator.lfr']
output dir: Microfluidics-Benchmarks/Results/Quick_Examples/import_mixer_and_incubator
('./Microfluidics-Benchmarks/Quick_Examples/import_mixer_and_incubator.lfr',)
ANTLR runtime and generated code versions disagree: 4.13.2!=4.10.1
ANTLR runtime and generated code versions disagree: 4.13.2!=4.10.1
Initialized the lfrcompiler
Performing unary operation - Operator: & 
 Operand: <VectorRange::Vector - in_1 [0 : 0]>
Creating a vector of type [None]
LHS, RHS sizes are equal
FLOW - in_1_PROCESS_(&)_0 IO - Name: out_1, Type : IOType.FLOW_OUTPUT
<class 'lfr.fig.interaction.FluidProcessInteraction'>
&
Performing operation: <VectorRange::Vector - in_a [0 : 0]> + <VectorRange::Vector - in_b [0 : 0]>
Creating a vector of type [None]
Creating a vector of type [None]
LHS, RHS sizes are equal
FLOW - in_a_MIX_(+)_in_b_1_PROCESS_(~)_2 IO - Name: out_1, Type : IOType.FLOW_OUTPUT
<class 'lfr.fig.interaction.FluidFluidInteraction'>
+
<class 'lfr.fig.interaction.FluidProcessInteraction'>
~
Name : import_mixer_and_incubator
Name: reagent_a, Type : IOType.FLOW_INPUT
Name: reagent_b, Type : IOType.FLOW_INPUT
Name: outlet, Type : IOType.FLOW_OUTPUT

---Top of Stack---
---Bottom of Stack---
output: /home/cidar-ron/Downloads/Neptune_2026/Microfluidics-Benchmarks/Results/Quick_Examples/import_mixer_and_incubator/import_mixer_and_incubator
output: /home/cidar-ron/Downloads/Neptune_2026/Microfluidics-Benchmarks/Results/Quick_Examples/import_mixer_and_incubator/import_mixer_and_incubator/import_mixer_and_incubator.dot
output: /home/cidar-ron/Downloads/Neptune_2026/Microfluidics-Benchmarks/Results/Quick_Examples/import_mixer_and_incubator/import_mixer_and_incubator
output: /home/cidar-ron/Downloads/Neptune_2026/Microfluidics-Benchmarks/Results/Quick_Examples/import_mixer_and_incubator/import_mixer_and_incubator/import_mixer_and_incubator_FIG.dot
Flow candidate: {'premix_out_1', 'hold_in_1', 'mixed_flow'}
Passthrough found: {'premix_out_1', 'hold_in_1', 'mixed_flow'}
Removing the component: {'premix_out_1', 'hold_in_1', 'mixed_flow'}
Flow candidate: {'premix_in_a'}
Passthrough found: {'premix_in_a'}
Removing the component: {'premix_in_a'}
Flow candidate: {'premix_in_b'}
Passthrough found: {'premix_in_b'}
Removing the component: {'premix_in_b'}
Flow candidate: {'hold_out_1'}
Passthrough found: {'hold_out_1'}
Removing the component: {'hold_out_1'}
output: /home/cidar-ron/Downloads/Neptune_2026/Microfluidics-Benchmarks/Results/Quick_Examples/import_mixer_and_incubator/import_mixer_and_incubator
output: /home/cidar-ron/Downloads/Neptune_2026/Microfluidics-Benchmarks/Results/Quick_Examples/import_mixer_and_incubator/import_mixer_and_incubator/import_mixer_and_incubator_FIG_simplified.dot
[]
('6fc35c7c22084cae72e62a0163574d8c', 'REACTION CHAMBER', '{\n            v1: REACTION CHAMBER\n        }')
('5b0789de1846a32aa239997c6b11eba8', 'PORT', '{\n            v1:IO\n        }')
('3888a3a085a0b78f43d9ad9257fb94cd', 'MIXER', '{\n            v1:MIX\n        }')
('d1781b16b1ea9b97644d83f5671ba40d', 'MIXER', '{\n            v1:DILUTE\n        }')
('8330be665ac09c4b528fb673eaf54323', 'PICOINJECTOR', '{\n            v1:MIX\n        }')
('588c06b63717d489f484abec4d043630', 'DROPLET MERGER', '{\n            v1:MIX\n        }')
('5cd84e8394bf8d6c20a6333d70b59771', 'DROPLET SORTER', '{\n            v1:SIEVE\n        }')
('9722844e53ed3f50c3e82c3f8015876f', 'NOZZLE DROPLET GENERATOR', '{\n            v1:METER\n        }')
('914238687115aa147b97e8d5533e886c', 'DROPLET MERGER JUNCTION', '{\n            v1:MIX\n        }')
('d886b57db1ce64cdc693b482957a8fe2', 'DROPLET MERGER CHANNEL', '{\n            v1:MIX\n        }')
('d949473e8c28c7624371eb1477dc026b', 'DROPLET SPLITTER', '{\n            v1:DIVIDE\n        }')
('cdea77c5343e10aa9ebcb993ab494b7b', 'DROPLET CAPACITANCE SENSOR', '{\n            v1:PROCESS\n        }')
('ddafeac84b5c1d4256c02be0327aad6b', 'SQUARE CELL TRAP', '{\n            v1:STORAGE\n        }')
('cd9f240e7e4fed74b91aa6e3b94eec01', 'LONG CELL TRAPPER', '{\n            v1:STORAGE\n        }')
('26f0a16b9d1878f24029199874cd778b', 'FILTER', '{\n            v1:PROCESS\n        }')
('c9770124d971f8583173f0dd28b4017b', 'DROPLET FLUORESCENCE SENSOR', '{\n            v1:PROCESS\n        }')
('09781c385e672251742ca6cc07e56759', 'DROPLET LUMINESCENCE SENSOR', '{\n            v1:PROCESS\n        }')
('1159f8c0f6837f1916dd1b43d142fa9d', 'DROPLET SPACER', '{\n            v1:PROCESS\n        }')
('feb0fbd9a78edd7b903246b2de78427e', 'YTREE', '')
('f52e9c50a060add65a035429b2a22229', 'CHANNEL', '')
[]
6fc35c7c22084cae72e62a0163574d8c
ANTLR runtime and generated code versions disagree: 4.13.2!=4.10
ANTLR runtime and generated code versions disagree: 4.13.2!=4.10
<lfr.graphmatch.matchpattern.MatchPattern object at 0x750bc2883220>
[('reagent_a', 'premix_in_a_MIX_(+)_in_b_1'), ('reagent_b', 'premix_in_a_MIX_(+)_in_b_1'), ('premix_in_a_MIX_(+)_in_b_1', 'premix_in_a_MIX_(+)_in_b_1_PROCESS_(~)_2'), ('premix_in_a_MIX_(+)_in_b_1_PROCESS_(~)_2', 'hold_in_1_PROCESS_(&)_0'), ('hold_in_1_PROCESS_(&)_0', 'outlet')]
Templates Here
Structural Template Nodes: [('v1', {})]
Structural Template Edges: []
Node v1 has the following constraints:
[]
Templates End
[]
5b0789de1846a32aa239997c6b11eba8
ANTLR runtime and generated code versions disagree: 4.13.2!=4.10
ANTLR runtime and generated code versions disagree: 4.13.2!=4.10
<lfr.graphmatch.matchpattern.MatchPattern object at 0x750bc28824a0>
[('reagent_a', 'premix_in_a_MIX_(+)_in_b_1'), ('reagent_b', 'premix_in_a_MIX_(+)_in_b_1'), ('premix_in_a_MIX_(+)_in_b_1', 'premix_in_a_MIX_(+)_in_b_1_PROCESS_(~)_2'), ('premix_in_a_MIX_(+)_in_b_1_PROCESS_(~)_2', 'hold_in_1_PROCESS_(&)_0'), ('hold_in_1_PROCESS_(&)_0', 'outlet')]
Templates Here
Structural Template Nodes: [('v1', {})]
Structural Template Edges: []
Node v1 has the following constraints:
[]
Templates End
Found Match: 5b0789de1846a32aa239997c6b11eba8
{'reagent_b': 'v1'}
Found Match: 5b0789de1846a32aa239997c6b11eba8
{'reagent_a': 'v1'}
Found Match: 5b0789de1846a32aa239997c6b11eba8
{'outlet': 'v1'}
[('5b0789de1846a32aa239997c6b11eba8', 'PORT', {'reagent_b': 'v1'}), ('5b0789de1846a32aa239997c6b11eba8', 'PORT', {'reagent_a': 'v1'}), ('5b0789de1846a32aa239997c6b11eba8', 'PORT', {'outlet': 'v1'})]
3888a3a085a0b78f43d9ad9257fb94cd
ANTLR runtime and generated code versions disagree: 4.13.2!=4.10
ANTLR runtime and generated code versions disagree: 4.13.2!=4.10
<lfr.graphmatch.matchpattern.MatchPattern object at 0x750bc2882800>
[('reagent_a', 'premix_in_a_MIX_(+)_in_b_1'), ('reagent_b', 'premix_in_a_MIX_(+)_in_b_1'), ('premix_in_a_MIX_(+)_in_b_1', 'premix_in_a_MIX_(+)_in_b_1_PROCESS_(~)_2'), ('premix_in_a_MIX_(+)_in_b_1_PROCESS_(~)_2', 'hold_in_1_PROCESS_(&)_0'), ('hold_in_1_PROCESS_(&)_0', 'outlet')]
Templates Here
Structural Template Nodes: [('v1', {})]
Structural Template Edges: []
Node v1 has the following constraints:
[]
Templates End
Found Match: 3888a3a085a0b78f43d9ad9257fb94cd
{'premix_in_a_MIX_(+)_in_b_1': 'v1'}
[('5b0789de1846a32aa239997c6b11eba8', 'PORT', {'reagent_b': 'v1'}), ('5b0789de1846a32aa239997c6b11eba8', 'PORT', {'reagent_a': 'v1'}), ('5b0789de1846a32aa239997c6b11eba8', 'PORT', {'outlet': 'v1'}), ('3888a3a085a0b78f43d9ad9257fb94cd', 'MIXER', {'premix_in_a_MIX_(+)_in_b_1': 'v1'})]
d1781b16b1ea9b97644d83f5671ba40d
ANTLR runtime and generated code versions disagree: 4.13.2!=4.10
ANTLR runtime and generated code versions disagree: 4.13.2!=4.10
<lfr.graphmatch.matchpattern.MatchPattern object at 0x750bc28829b0>
[('reagent_a', 'premix_in_a_MIX_(+)_in_b_1'), ('reagent_b', 'premix_in_a_MIX_(+)_in_b_1'), ('premix_in_a_MIX_(+)_in_b_1', 'premix_in_a_MIX_(+)_in_b_1_PROCESS_(~)_2'), ('premix_in_a_MIX_(+)_in_b_1_PROCESS_(~)_2', 'hold_in_1_PROCESS_(&)_0'), ('hold_in_1_PROCESS_(&)_0', 'outlet')]
Templates Here
Structural Template Nodes: [('v1', {})]
Structural Template Edges: []
Node v1 has the following constraints:
[]
Templates End
[('5b0789de1846a32aa239997c6b11eba8', 'PORT', {'reagent_b': 'v1'}), ('5b0789de1846a32aa239997c6b11eba8', 'PORT', {'reagent_a': 'v1'}), ('5b0789de1846a32aa239997c6b11eba8', 'PORT', {'outlet': 'v1'}), ('3888a3a085a0b78f43d9ad9257fb94cd', 'MIXER', {'premix_in_a_MIX_(+)_in_b_1': 'v1'})]
8330be665ac09c4b528fb673eaf54323
ANTLR runtime and generated code versions disagree: 4.13.2!=4.10
ANTLR runtime and generated code versions disagree: 4.13.2!=4.10
<lfr.graphmatch.matchpattern.MatchPattern object at 0x750bc2882ad0>
[('reagent_a', 'premix_in_a_MIX_(+)_in_b_1'), ('reagent_b', 'premix_in_a_MIX_(+)_in_b_1'), ('premix_in_a_MIX_(+)_in_b_1', 'premix_in_a_MIX_(+)_in_b_1_PROCESS_(~)_2'), ('premix_in_a_MIX_(+)_in_b_1_PROCESS_(~)_2', 'hold_in_1_PROCESS_(&)_0'), ('hold_in_1_PROCESS_(&)_0', 'outlet')]
Templates Here
Structural Template Nodes: [('v1', {})]
Structural Template Edges: []
Node v1 has the following constraints:
[]
Templates End
[('5b0789de1846a32aa239997c6b11eba8', 'PORT', {'reagent_b': 'v1'}), ('5b0789de1846a32aa239997c6b11eba8', 'PORT', {'reagent_a': 'v1'}), ('5b0789de1846a32aa239997c6b11eba8', 'PORT', {'outlet': 'v1'}), ('3888a3a085a0b78f43d9ad9257fb94cd', 'MIXER', {'premix_in_a_MIX_(+)_in_b_1': 'v1'})]
588c06b63717d489f484abec4d043630
ANTLR runtime and generated code versions disagree: 4.13.2!=4.10
ANTLR runtime and generated code versions disagree: 4.13.2!=4.10
<lfr.graphmatch.matchpattern.MatchPattern object at 0x750bc2882dd0>
[('reagent_a', 'premix_in_a_MIX_(+)_in_b_1'), ('reagent_b', 'premix_in_a_MIX_(+)_in_b_1'), ('premix_in_a_MIX_(+)_in_b_1', 'premix_in_a_MIX_(+)_in_b_1_PROCESS_(~)_2'), ('premix_in_a_MIX_(+)_in_b_1_PROCESS_(~)_2', 'hold_in_1_PROCESS_(&)_0'), ('hold_in_1_PROCESS_(&)_0', 'outlet')]
Templates Here
Structural Template Nodes: [('v1', {})]
Structural Template Edges: []
Node v1 has the following constraints:
[]
Templates End
[('5b0789de1846a32aa239997c6b11eba8', 'PORT', {'reagent_b': 'v1'}), ('5b0789de1846a32aa239997c6b11eba8', 'PORT', {'reagent_a': 'v1'}), ('5b0789de1846a32aa239997c6b11eba8', 'PORT', {'outlet': 'v1'}), ('3888a3a085a0b78f43d9ad9257fb94cd', 'MIXER', {'premix_in_a_MIX_(+)_in_b_1': 'v1'})]
5cd84e8394bf8d6c20a6333d70b59771
ANTLR runtime and generated code versions disagree: 4.13.2!=4.10
ANTLR runtime and generated code versions disagree: 4.13.2!=4.10
<lfr.graphmatch.matchpattern.MatchPattern object at 0x750bc2882410>
[('reagent_a', 'premix_in_a_MIX_(+)_in_b_1'), ('reagent_b', 'premix_in_a_MIX_(+)_in_b_1'), ('premix_in_a_MIX_(+)_in_b_1', 'premix_in_a_MIX_(+)_in_b_1_PROCESS_(~)_2'), ('premix_in_a_MIX_(+)_in_b_1_PROCESS_(~)_2', 'hold_in_1_PROCESS_(&)_0'), ('hold_in_1_PROCESS_(&)_0', 'outlet')]
Templates Here
Structural Template Nodes: [('v1', {})]
Structural Template Edges: []
Node v1 has the following constraints:
[]
Templates End
[('5b0789de1846a32aa239997c6b11eba8', 'PORT', {'reagent_b': 'v1'}), ('5b0789de1846a32aa239997c6b11eba8', 'PORT', {'reagent_a': 'v1'}), ('5b0789de1846a32aa239997c6b11eba8', 'PORT', {'outlet': 'v1'}), ('3888a3a085a0b78f43d9ad9257fb94cd', 'MIXER', {'premix_in_a_MIX_(+)_in_b_1': 'v1'})]
9722844e53ed3f50c3e82c3f8015876f
ANTLR runtime and generated code versions disagree: 4.13.2!=4.10
ANTLR runtime and generated code versions disagree: 4.13.2!=4.10
<lfr.graphmatch.matchpattern.MatchPattern object at 0x750bc28b44c0>
[('reagent_a', 'premix_in_a_MIX_(+)_in_b_1'), ('reagent_b', 'premix_in_a_MIX_(+)_in_b_1'), ('premix_in_a_MIX_(+)_in_b_1', 'premix_in_a_MIX_(+)_in_b_1_PROCESS_(~)_2'), ('premix_in_a_MIX_(+)_in_b_1_PROCESS_(~)_2', 'hold_in_1_PROCESS_(&)_0'), ('hold_in_1_PROCESS_(&)_0', 'outlet')]
Templates Here
Structural Template Nodes: [('v1', {})]
Structural Template Edges: []
Node v1 has the following constraints:
[]
Templates End
[('5b0789de1846a32aa239997c6b11eba8', 'PORT', {'reagent_b': 'v1'}), ('5b0789de1846a32aa239997c6b11eba8', 'PORT', {'reagent_a': 'v1'}), ('5b0789de1846a32aa239997c6b11eba8', 'PORT', {'outlet': 'v1'}), ('3888a3a085a0b78f43d9ad9257fb94cd', 'MIXER', {'premix_in_a_MIX_(+)_in_b_1': 'v1'})]
914238687115aa147b97e8d5533e886c
ANTLR runtime and generated code versions disagree: 4.13.2!=4.10
ANTLR runtime and generated code versions disagree: 4.13.2!=4.10
<lfr.graphmatch.matchpattern.MatchPattern object at 0x750bc28b4d00>
[('reagent_a', 'premix_in_a_MIX_(+)_in_b_1'), ('reagent_b', 'premix_in_a_MIX_(+)_in_b_1'), ('premix_in_a_MIX_(+)_in_b_1', 'premix_in_a_MIX_(+)_in_b_1_PROCESS_(~)_2'), ('premix_in_a_MIX_(+)_in_b_1_PROCESS_(~)_2', 'hold_in_1_PROCESS_(&)_0'), ('hold_in_1_PROCESS_(&)_0', 'outlet')]
Templates Here
Structural Template Nodes: [('v1', {})]
Structural Template Edges: []
Node v1 has the following constraints:
[]
Templates End
[('5b0789de1846a32aa239997c6b11eba8', 'PORT', {'reagent_b': 'v1'}), ('5b0789de1846a32aa239997c6b11eba8', 'PORT', {'reagent_a': 'v1'}), ('5b0789de1846a32aa239997c6b11eba8', 'PORT', {'outlet': 'v1'}), ('3888a3a085a0b78f43d9ad9257fb94cd', 'MIXER', {'premix_in_a_MIX_(+)_in_b_1': 'v1'})]
d886b57db1ce64cdc693b482957a8fe2
ANTLR runtime and generated code versions disagree: 4.13.2!=4.10
ANTLR runtime and generated code versions disagree: 4.13.2!=4.10
<lfr.graphmatch.matchpattern.MatchPattern object at 0x750bc2882500>
[('reagent_a', 'premix_in_a_MIX_(+)_in_b_1'), ('reagent_b', 'premix_in_a_MIX_(+)_in_b_1'), ('premix_in_a_MIX_(+)_in_b_1', 'premix_in_a_MIX_(+)_in_b_1_PROCESS_(~)_2'), ('premix_in_a_MIX_(+)_in_b_1_PROCESS_(~)_2', 'hold_in_1_PROCESS_(&)_0'), ('hold_in_1_PROCESS_(&)_0', 'outlet')]
Templates Here
Structural Template Nodes: [('v1', {})]
Structural Template Edges: []
Node v1 has the following constraints:
[]
Templates End
[('5b0789de1846a32aa239997c6b11eba8', 'PORT', {'reagent_b': 'v1'}), ('5b0789de1846a32aa239997c6b11eba8', 'PORT', {'reagent_a': 'v1'}), ('5b0789de1846a32aa239997c6b11eba8', 'PORT', {'outlet': 'v1'}), ('3888a3a085a0b78f43d9ad9257fb94cd', 'MIXER', {'premix_in_a_MIX_(+)_in_b_1': 'v1'})]
d949473e8c28c7624371eb1477dc026b
ANTLR runtime and generated code versions disagree: 4.13.2!=4.10
ANTLR runtime and generated code versions disagree: 4.13.2!=4.10
<lfr.graphmatch.matchpattern.MatchPattern object at 0x750bc2882440>
[('reagent_a', 'premix_in_a_MIX_(+)_in_b_1'), ('reagent_b', 'premix_in_a_MIX_(+)_in_b_1'), ('premix_in_a_MIX_(+)_in_b_1', 'premix_in_a_MIX_(+)_in_b_1_PROCESS_(~)_2'), ('premix_in_a_MIX_(+)_in_b_1_PROCESS_(~)_2', 'hold_in_1_PROCESS_(&)_0'), ('hold_in_1_PROCESS_(&)_0', 'outlet')]
Templates Here
Structural Template Nodes: [('v1', {})]
Structural Template Edges: []
Node v1 has the following constraints:
[]
Templates End
[('5b0789de1846a32aa239997c6b11eba8', 'PORT', {'reagent_b': 'v1'}), ('5b0789de1846a32aa239997c6b11eba8', 'PORT', {'reagent_a': 'v1'}), ('5b0789de1846a32aa239997c6b11eba8', 'PORT', {'outlet': 'v1'}), ('3888a3a085a0b78f43d9ad9257fb94cd', 'MIXER', {'premix_in_a_MIX_(+)_in_b_1': 'v1'})]
cdea77c5343e10aa9ebcb993ab494b7b
ANTLR runtime and generated code versions disagree: 4.13.2!=4.10
ANTLR runtime and generated code versions disagree: 4.13.2!=4.10
<lfr.graphmatch.matchpattern.MatchPattern object at 0x750bc2882560>
[('reagent_a', 'premix_in_a_MIX_(+)_in_b_1'), ('reagent_b', 'premix_in_a_MIX_(+)_in_b_1'), ('premix_in_a_MIX_(+)_in_b_1', 'premix_in_a_MIX_(+)_in_b_1_PROCESS_(~)_2'), ('premix_in_a_MIX_(+)_in_b_1_PROCESS_(~)_2', 'hold_in_1_PROCESS_(&)_0'), ('hold_in_1_PROCESS_(&)_0', 'outlet')]
Templates Here
Structural Template Nodes: [('v1', {})]
Structural Template Edges: []
Node v1 has the following constraints:
[]
Templates End
Found Match: cdea77c5343e10aa9ebcb993ab494b7b
{'premix_in_a_MIX_(+)_in_b_1_PROCESS_(~)_2': 'v1'}
Found Match: cdea77c5343e10aa9ebcb993ab494b7b
{'hold_in_1_PROCESS_(&)_0': 'v1'}
[('5b0789de1846a32aa239997c6b11eba8', 'PORT', {'reagent_b': 'v1'}), ('5b0789de1846a32aa239997c6b11eba8', 'PORT', {'reagent_a': 'v1'}), ('5b0789de1846a32aa239997c6b11eba8', 'PORT', {'outlet': 'v1'}), ('3888a3a085a0b78f43d9ad9257fb94cd', 'MIXER', {'premix_in_a_MIX_(+)_in_b_1': 'v1'}), ('cdea77c5343e10aa9ebcb993ab494b7b', 'DROPLET CAPACITANCE SENSOR', {'premix_in_a_MIX_(+)_in_b_1_PROCESS_(~)_2': 'v1'}), ('cdea77c5343e10aa9ebcb993ab494b7b', 'DROPLET CAPACITANCE SENSOR', {'hold_in_1_PROCESS_(&)_0': 'v1'})]
ddafeac84b5c1d4256c02be0327aad6b
ANTLR runtime and generated code versions disagree: 4.13.2!=4.10
ANTLR runtime and generated code versions disagree: 4.13.2!=4.10
<lfr.graphmatch.matchpattern.MatchPattern object at 0x750bc2882950>
[('reagent_a', 'premix_in_a_MIX_(+)_in_b_1'), ('reagent_b', 'premix_in_a_MIX_(+)_in_b_1'), ('premix_in_a_MIX_(+)_in_b_1', 'premix_in_a_MIX_(+)_in_b_1_PROCESS_(~)_2'), ('premix_in_a_MIX_(+)_in_b_1_PROCESS_(~)_2', 'hold_in_1_PROCESS_(&)_0'), ('hold_in_1_PROCESS_(&)_0', 'outlet')]
Templates Here
Structural Template Nodes: [('v1', {})]
Structural Template Edges: []
Node v1 has the following constraints:
[]
Templates End
[('5b0789de1846a32aa239997c6b11eba8', 'PORT', {'reagent_b': 'v1'}), ('5b0789de1846a32aa239997c6b11eba8', 'PORT', {'reagent_a': 'v1'}), ('5b0789de1846a32aa239997c6b11eba8', 'PORT', {'outlet': 'v1'}), ('3888a3a085a0b78f43d9ad9257fb94cd', 'MIXER', {'premix_in_a_MIX_(+)_in_b_1': 'v1'}), ('cdea77c5343e10aa9ebcb993ab494b7b', 'DROPLET CAPACITANCE SENSOR', {'premix_in_a_MIX_(+)_in_b_1_PROCESS_(~)_2': 'v1'}), ('cdea77c5343e10aa9ebcb993ab494b7b', 'DROPLET CAPACITANCE SENSOR', {'hold_in_1_PROCESS_(&)_0': 'v1'})]
cd9f240e7e4fed74b91aa6e3b94eec01
ANTLR runtime and generated code versions disagree: 4.13.2!=4.10
ANTLR runtime and generated code versions disagree: 4.13.2!=4.10
<lfr.graphmatch.matchpattern.MatchPattern object at 0x750bc28826e0>
[('reagent_a', 'premix_in_a_MIX_(+)_in_b_1'), ('reagent_b', 'premix_in_a_MIX_(+)_in_b_1'), ('premix_in_a_MIX_(+)_in_b_1', 'premix_in_a_MIX_(+)_in_b_1_PROCESS_(~)_2'), ('premix_in_a_MIX_(+)_in_b_1_PROCESS_(~)_2', 'hold_in_1_PROCESS_(&)_0'), ('hold_in_1_PROCESS_(&)_0', 'outlet')]
Templates Here
Structural Template Nodes: [('v1', {})]
Structural Template Edges: []
Node v1 has the following constraints:
[]
Templates End
[('5b0789de1846a32aa239997c6b11eba8', 'PORT', {'reagent_b': 'v1'}), ('5b0789de1846a32aa239997c6b11eba8', 'PORT', {'reagent_a': 'v1'}), ('5b0789de1846a32aa239997c6b11eba8', 'PORT', {'outlet': 'v1'}), ('3888a3a085a0b78f43d9ad9257fb94cd', 'MIXER', {'premix_in_a_MIX_(+)_in_b_1': 'v1'}), ('cdea77c5343e10aa9ebcb993ab494b7b', 'DROPLET CAPACITANCE SENSOR', {'premix_in_a_MIX_(+)_in_b_1_PROCESS_(~)_2': 'v1'}), ('cdea77c5343e10aa9ebcb993ab494b7b', 'DROPLET CAPACITANCE SENSOR', {'hold_in_1_PROCESS_(&)_0': 'v1'})]
26f0a16b9d1878f24029199874cd778b
ANTLR runtime and generated code versions disagree: 4.13.2!=4.10
ANTLR runtime and generated code versions disagree: 4.13.2!=4.10
<lfr.graphmatch.matchpattern.MatchPattern object at 0x750bc28b5780>
[('reagent_a', 'premix_in_a_MIX_(+)_in_b_1'), ('reagent_b', 'premix_in_a_MIX_(+)_in_b_1'), ('premix_in_a_MIX_(+)_in_b_1', 'premix_in_a_MIX_(+)_in_b_1_PROCESS_(~)_2'), ('premix_in_a_MIX_(+)_in_b_1_PROCESS_(~)_2', 'hold_in_1_PROCESS_(&)_0'), ('hold_in_1_PROCESS_(&)_0', 'outlet')]
Templates Here
Structural Template Nodes: [('v1', {})]
Structural Template Edges: []
Node v1 has the following constraints:
[]
Templates End
[('5b0789de1846a32aa239997c6b11eba8', 'PORT', {'reagent_b': 'v1'}), ('5b0789de1846a32aa239997c6b11eba8', 'PORT', {'reagent_a': 'v1'}), ('5b0789de1846a32aa239997c6b11eba8', 'PORT', {'outlet': 'v1'}), ('3888a3a085a0b78f43d9ad9257fb94cd', 'MIXER', {'premix_in_a_MIX_(+)_in_b_1': 'v1'}), ('cdea77c5343e10aa9ebcb993ab494b7b', 'DROPLET CAPACITANCE SENSOR', {'premix_in_a_MIX_(+)_in_b_1_PROCESS_(~)_2': 'v1'}), ('cdea77c5343e10aa9ebcb993ab494b7b', 'DROPLET CAPACITANCE SENSOR', {'hold_in_1_PROCESS_(&)_0': 'v1'})]
c9770124d971f8583173f0dd28b4017b
ANTLR runtime and generated code versions disagree: 4.13.2!=4.10
ANTLR runtime and generated code versions disagree: 4.13.2!=4.10
<lfr.graphmatch.matchpattern.MatchPattern object at 0x750bc28b5990>
[('reagent_a', 'premix_in_a_MIX_(+)_in_b_1'), ('reagent_b', 'premix_in_a_MIX_(+)_in_b_1'), ('premix_in_a_MIX_(+)_in_b_1', 'premix_in_a_MIX_(+)_in_b_1_PROCESS_(~)_2'), ('premix_in_a_MIX_(+)_in_b_1_PROCESS_(~)_2', 'hold_in_1_PROCESS_(&)_0'), ('hold_in_1_PROCESS_(&)_0', 'outlet')]
Templates Here
Structural Template Nodes: [('v1', {})]
Structural Template Edges: []
Node v1 has the following constraints:
[]
Templates End
[('5b0789de1846a32aa239997c6b11eba8', 'PORT', {'reagent_b': 'v1'}), ('5b0789de1846a32aa239997c6b11eba8', 'PORT', {'reagent_a': 'v1'}), ('5b0789de1846a32aa239997c6b11eba8', 'PORT', {'outlet': 'v1'}), ('3888a3a085a0b78f43d9ad9257fb94cd', 'MIXER', {'premix_in_a_MIX_(+)_in_b_1': 'v1'}), ('cdea77c5343e10aa9ebcb993ab494b7b', 'DROPLET CAPACITANCE SENSOR', {'premix_in_a_MIX_(+)_in_b_1_PROCESS_(~)_2': 'v1'}), ('cdea77c5343e10aa9ebcb993ab494b7b', 'DROPLET CAPACITANCE SENSOR', {'hold_in_1_PROCESS_(&)_0': 'v1'})]
09781c385e672251742ca6cc07e56759
ANTLR runtime and generated code versions disagree: 4.13.2!=4.10
ANTLR runtime and generated code versions disagree: 4.13.2!=4.10
<lfr.graphmatch.matchpattern.MatchPattern object at 0x750bc28b5150>
[('reagent_a', 'premix_in_a_MIX_(+)_in_b_1'), ('reagent_b', 'premix_in_a_MIX_(+)_in_b_1'), ('premix_in_a_MIX_(+)_in_b_1', 'premix_in_a_MIX_(+)_in_b_1_PROCESS_(~)_2'), ('premix_in_a_MIX_(+)_in_b_1_PROCESS_(~)_2', 'hold_in_1_PROCESS_(&)_0'), ('hold_in_1_PROCESS_(&)_0', 'outlet')]
Templates Here
Structural Template Nodes: [('v1', {})]
Structural Template Edges: []
Node v1 has the following constraints:
[]
Templates End
[('5b0789de1846a32aa239997c6b11eba8', 'PORT', {'reagent_b': 'v1'}), ('5b0789de1846a32aa239997c6b11eba8', 'PORT', {'reagent_a': 'v1'}), ('5b0789de1846a32aa239997c6b11eba8', 'PORT', {'outlet': 'v1'}), ('3888a3a085a0b78f43d9ad9257fb94cd', 'MIXER', {'premix_in_a_MIX_(+)_in_b_1': 'v1'}), ('cdea77c5343e10aa9ebcb993ab494b7b', 'DROPLET CAPACITANCE SENSOR', {'premix_in_a_MIX_(+)_in_b_1_PROCESS_(~)_2': 'v1'}), ('cdea77c5343e10aa9ebcb993ab494b7b', 'DROPLET CAPACITANCE SENSOR', {'hold_in_1_PROCESS_(&)_0': 'v1'})]
1159f8c0f6837f1916dd1b43d142fa9d
ANTLR runtime and generated code versions disagree: 4.13.2!=4.10
ANTLR runtime and generated code versions disagree: 4.13.2!=4.10
<lfr.graphmatch.matchpattern.MatchPattern object at 0x750bc28b47c0>
[('reagent_a', 'premix_in_a_MIX_(+)_in_b_1'), ('reagent_b', 'premix_in_a_MIX_(+)_in_b_1'), ('premix_in_a_MIX_(+)_in_b_1', 'premix_in_a_MIX_(+)_in_b_1_PROCESS_(~)_2'), ('premix_in_a_MIX_(+)_in_b_1_PROCESS_(~)_2', 'hold_in_1_PROCESS_(&)_0'), ('hold_in_1_PROCESS_(&)_0', 'outlet')]
Templates Here
Structural Template Nodes: [('v1', {})]
Structural Template Edges: []
Node v1 has the following constraints:
[]
Templates End
[('5b0789de1846a32aa239997c6b11eba8', 'PORT', {'reagent_b': 'v1'}), ('5b0789de1846a32aa239997c6b11eba8', 'PORT', {'reagent_a': 'v1'}), ('5b0789de1846a32aa239997c6b11eba8', 'PORT', {'outlet': 'v1'}), ('3888a3a085a0b78f43d9ad9257fb94cd', 'MIXER', {'premix_in_a_MIX_(+)_in_b_1': 'v1'}), ('cdea77c5343e10aa9ebcb993ab494b7b', 'DROPLET CAPACITANCE SENSOR', {'premix_in_a_MIX_(+)_in_b_1_PROCESS_(~)_2': 'v1'}), ('cdea77c5343e10aa9ebcb993ab494b7b', 'DROPLET CAPACITANCE SENSOR', {'hold_in_1_PROCESS_(&)_0': 'v1'})]
feb0fbd9a78edd7b903246b2de78427e
Warning ! - Missing match string for mint- feb0fbd9a78edd7b903246b2de78427e
[('5b0789de1846a32aa239997c6b11eba8', 'PORT', {'reagent_b': 'v1'}), ('5b0789de1846a32aa239997c6b11eba8', 'PORT', {'reagent_a': 'v1'}), ('5b0789de1846a32aa239997c6b11eba8', 'PORT', {'outlet': 'v1'}), ('3888a3a085a0b78f43d9ad9257fb94cd', 'MIXER', {'premix_in_a_MIX_(+)_in_b_1': 'v1'}), ('cdea77c5343e10aa9ebcb993ab494b7b', 'DROPLET CAPACITANCE SENSOR', {'premix_in_a_MIX_(+)_in_b_1_PROCESS_(~)_2': 'v1'}), ('cdea77c5343e10aa9ebcb993ab494b7b', 'DROPLET CAPACITANCE SENSOR', {'hold_in_1_PROCESS_(&)_0': 'v1'})]
f52e9c50a060add65a035429b2a22229
Warning ! - Missing match string for mint- f52e9c50a060add65a035429b2a22229
Ret here
[('5b0789de1846a32aa239997c6b11eba8', 'PORT', {'reagent_b': 'v1'}), ('5b0789de1846a32aa239997c6b11eba8', 'PORT', {'reagent_a': 'v1'}), ('5b0789de1846a32aa239997c6b11eba8', 'PORT', {'outlet': 'v1'}), ('3888a3a085a0b78f43d9ad9257fb94cd', 'MIXER', {'premix_in_a_MIX_(+)_in_b_1': 'v1'}), ('cdea77c5343e10aa9ebcb993ab494b7b', 'DROPLET CAPACITANCE SENSOR', {'premix_in_a_MIX_(+)_in_b_1_PROCESS_(~)_2': 'v1'}), ('cdea77c5343e10aa9ebcb993ab494b7b', 'DROPLET CAPACITANCE SENSOR', {'hold_in_1_PROCESS_(&)_0': 'v1'})]
Total Matches against library : 6
Start of Matches
('5b0789de1846a32aa239997c6b11eba8', 'PORT', {'reagent_b': 'v1'})
('5b0789de1846a32aa239997c6b11eba8', 'PORT', {'reagent_a': 'v1'})
('5b0789de1846a32aa239997c6b11eba8', 'PORT', {'outlet': 'v1'})
('3888a3a085a0b78f43d9ad9257fb94cd', 'MIXER', {'premix_in_a_MIX_(+)_in_b_1': 'v1'})
('cdea77c5343e10aa9ebcb993ab494b7b', 'DROPLET CAPACITANCE SENSOR', {'premix_in_a_MIX_(+)_in_b_1_PROCESS_(~)_2': 'v1'})
('cdea77c5343e10aa9ebcb993ab494b7b', 'DROPLET CAPACITANCE SENSOR', {'hold_in_1_PROCESS_(&)_0': 'v1'})
End of matches
Eliminating match: [('cdea77c5343e10aa9ebcb993ab494b7b', 'DROPLET CAPACITANCE SENSOR', {'premix_in_a_MIX_(+)_in_b_1_PROCESS_(~)_2': 'v1'})]
Eliminating match: []
Eliminating match: [('cdea77c5343e10aa9ebcb993ab494b7b', 'DROPLET CAPACITANCE SENSOR', {'hold_in_1_PROCESS_(&)_0': 'v1'})]
Eliminating match: []
Total matches against library after explicit mapping eliminations: 6
{'reagent_b'}
{'reagent_a'}
{'outlet'}
{'premix_in_a_MIX_(+)_in_b_1'}
{'premix_in_a_MIX_(+)_in_b_1_PROCESS_(~)_2'}
{'hold_in_1_PROCESS_(&)_0'}
Moving Max Set Cover to the front: [{'reagent_b'}, {'reagent_a'}, {'outlet'}, {'premix_in_a_MIX_(+)_in_b_1'}, {'premix_in_a_MIX_(+)_in_b_1_PROCESS_(~)_2'}, {'hold_in_1_PROCESS_(&)_0'}]
reagent_b
premix_in_a_MIX_(+)_in_b_1
reagent_a
premix_in_a_MIX_(+)_in_b_1_PROCESS_(~)_2
hold_in_1_PROCESS_(&)_0
outlet
Moving Explicit Matches to the front: [{'premix_in_a_MIX_(+)_in_b_1_PROCESS_(~)_2'}, {'hold_in_1_PROCESS_(&)_0'}]
Checking Match: ('6fc35c7c22084cae72e62a0163574d8c', 'INCUBATOR', {'hold_in_1_PROCESS_(&)_0': 'v1'})
Warning: Implment how the connecting option is mapped to match string node
Warning: Implment how the connecting option is mapped to match string node
Warning: Implment how the connecting option is mapped to match string node
Warning: Implment how the connecting option is mapped to match string node
Adding node cn_incubator_1 to variant variant_0
Checking Match: ('3888a3a085a0b78f43d9ad9257fb94cd', 'MIXER', {'premix_in_a_MIX_(+)_in_b_1_PROCESS_(~)_2': 'v1'})
Warning: Implment how the connecting option is mapped to match string node
Warning: Implment how the connecting option is mapped to match string node
Warning: Implment how the connecting option is mapped to match string node
Warning: Implment how the connecting option is mapped to match string node
Adding node cn_mixer_1 to variant variant_0
Checking Match: ('3888a3a085a0b78f43d9ad9257fb94cd', 'MIXER', {'premix_in_a_MIX_(+)_in_b_1': 'v1'})
Warning: Implment how the connecting option is mapped to match string node
Warning: Implment how the connecting option is mapped to match string node
Warning: Implment how the connecting option is mapped to match string node
Warning: Implment how the connecting option is mapped to match string node
Adding node cn_mixer_2 to variant variant_0
Checking Match: ('5b0789de1846a32aa239997c6b11eba8', 'PORT', {'outlet': 'v1'})
Warning: Implment how the connecting option is mapped to match string node
Warning: Implment how the connecting option is mapped to match string node
Warning: Implment how the connecting option is mapped to match string node
Warning: Implment how the connecting option is mapped to match string node
Adding node cn_port_1 to variant variant_0
Checking Match: ('5b0789de1846a32aa239997c6b11eba8', 'PORT', {'reagent_a': 'v1'})
Warning: Implment how the connecting option is mapped to match string node
Warning: Implment how the connecting option is mapped to match string node
Warning: Implment how the connecting option is mapped to match string node
Warning: Implment how the connecting option is mapped to match string node
Adding node cn_port_2 to variant variant_0
Checking Match: ('5b0789de1846a32aa239997c6b11eba8', 'PORT', {'reagent_b': 'v1'})
Warning: Implment how the connecting option is mapped to match string node
Warning: Implment how the connecting option is mapped to match string node
Warning: Implment how the connecting option is mapped to match string node
Warning: Implment how the connecting option is mapped to match string node
Adding node cn_port_3 to variant variant_0
Variant variant_0:
cn_incubator_1
cn_mixer_1
cn_mixer_2
cn_port_1
cn_port_2
cn_port_3
File Path: /home/cidar-ron/Downloads/Neptune_2026/Microfluidics-Benchmarks/Results/Quick_Examples/import_mixer_and_incubator/import_mixer_and_incubator/variant_0_construction.dot
Connected Nodes
cn_incubator_1
cn_port_1
Connected Nodes
cn_mixer_1
cn_incubator_1
Connected Nodes
cn_mixer_2
cn_mixer_1
Connected Nodes
cn_port_2
cn_mixer_2
Connected Nodes
cn_port_3
cn_mixer_2
Nodes to Traverse: <generator object dfs_preorder_nodes.<locals>.<genexpr> at 0x750bd91b9f50>
Pulling Default Values of Components
Deleted unsupported param "position" from component reaction_chamber_1 : REACTION CHAMBER
Deleted unsupported param "position" from component port_1 : PORT
Deleted unsupported param "position" from component mixer_1 : MIXER
Deleted unsupported param "position" from component mixer_2 : MIXER
Deleted unsupported param "position" from component port_2 : PORT
Deleted unsupported param "position" from component port_3 : PORT
Pulling Dimensions of Components
Pulling Terminals of Components
/home/cidar-ron/Downloads/Neptune_2026/Microfluidics-Benchmarks/Results/Quick_Examples/import_mixer_and_incubator/import_mixer_and_incubator/variant_0
output dir: Microfluidics-Benchmarks/Results/Quick_Examples/import_mixer_and_incubator
Running File: Microfluidics-Benchmarks/Results/Quick_Examples/import_mixer_and_incubator/import_mixer_and_incubator_fromLFR.json
Starting terminal/port assignment ...
Reducing the Size of the device and adding device padding: 20000 um
Updated the device dimensions: (102320, 65000) microns
Completed simple linear placement fallback.
Wrote: /home/cidar-ron/Downloads/Neptune_2026/Microfluidics-Benchmarks/Results/Quick_Examples/import_mixer_and_incubator/import_mixer_and_incubator_fromLFR_PR.json
✓ LFR synthesis + placed/routed under ./Microfluidics-Benchmarks/Results/Quick_Examples/import_mixer_and_incubator
>> synthesize: ./Microfluidics-Benchmarks/Quick_Examples/import_parallel_premix.lfr (variant 0)
 _____ _       _       _ 
|  ___| |_   _(_) __ _(_)
| |_  | | | | | |/ _` | |
|  _| | | |_| | | (_| | |
|_|   |_|\__,_|_|\__, |_|
                 |___/   

['/home/cidar-ron/Downloads/Neptune_2026/pylfr/library', './Microfluidics-Benchmarks/Quick_Examples']
Loading all LFR Files from lib Directories:
-- Loading form path /home/cidar-ron/Downloads/Neptune_2026/pylfr/library
Storing into library: /home/cidar-ron/Downloads/Neptune_2026/pylfr/library/default-modules/mux.lfr
Storing into library: /home/cidar-ron/Downloads/Neptune_2026/pylfr/library/default-modules/tree.lfr
Storing into library: /home/cidar-ron/Downloads/Neptune_2026/pylfr/library/default-modules/port.lfr
Storing into library: /home/cidar-ron/Downloads/Neptune_2026/pylfr/library/default-modules/picoinjector.lfr
Storing into library: /home/cidar-ron/Downloads/Neptune_2026/pylfr/library/default-modules/mixer.lfr
Storing into library: /home/cidar-ron/Downloads/Neptune_2026/pylfr/library/default-modules/valve.lfr
Storing into library: /home/cidar-ron/Downloads/Neptune_2026/pylfr/library/default-modules/nozzle_droplet_generator.lfr
Storing into library: /home/cidar-ron/Downloads/Neptune_2026/pylfr/library/default-modules/channel.lfr
Storing into library: /home/cidar-ron/Downloads/Neptune_2026/pylfr/library/default-modules/reaction_chamber.lfr
-- Loading form path ./Microfluidics-Benchmarks/Quick_Examples
Storing into library: /home/cidar-ron/Downloads/Neptune_2026/Microfluidics-Benchmarks/Quick_Examples/flow_and_control_demo.lfr
Storing into library: /home/cidar-ron/Downloads/Neptune_2026/Microfluidics-Benchmarks/Quick_Examples/import_droplet_reaction.lfr
Storing into library: /home/cidar-ron/Downloads/Neptune_2026/Microfluidics-Benchmarks/Quick_Examples/import_mixer_and_incubator.lfr
Storing into library: /home/cidar-ron/Downloads/Neptune_2026/Microfluidics-Benchmarks/Quick_Examples/flow_only_demo.lfr
Storing into library: /home/cidar-ron/Downloads/Neptune_2026/Microfluidics-Benchmarks/Quick_Examples/import_parallel_premix.lfr
Storing into library: /home/cidar-ron/Downloads/Neptune_2026/Microfluidics-Benchmarks/Quick_Examples/library/two_in_mixer.lfr
Storing into library: /home/cidar-ron/Downloads/Neptune_2026/Microfluidics-Benchmarks/Quick_Examples/library/three_in_mixer.lfr
Storing into library: /home/cidar-ron/Downloads/Neptune_2026/Microfluidics-Benchmarks/Quick_Examples/library/droplet_generator.lfr
Storing into library: /home/cidar-ron/Downloads/Neptune_2026/Microfluidics-Benchmarks/Quick_Examples/library/incubator.lfr
Input Path: /home/cidar-ron/Downloads/Neptune_2026/Microfluidics-Benchmarks/Quick_Examples/import_parallel_premix.lfr
File: /home/cidar-ron/Downloads/Neptune_2026/Microfluidics-Benchmarks/Quick_Examples/import_parallel_premix.lfr
ANTLR runtime and generated code versions disagree: 4.13.2!=4.10.1
ANTLR runtime and generated code versions disagree: 4.13.2!=4.10.1
Using Library Design at Path: /home/cidar-ron/Downloads/Neptune_2026/Microfluidics-Benchmarks/Quick_Examples/library/two_in_mixer.lfr
Input Path: /home/cidar-ron/Downloads/Neptune_2026/Microfluidics-Benchmarks/Quick_Examples/library/two_in_mixer.lfr
Using Library Design at Path: /home/cidar-ron/Downloads/Neptune_2026/Microfluidics-Benchmarks/Quick_Examples/library/three_in_mixer.lfr
Input Path: /home/cidar-ron/Downloads/Neptune_2026/Microfluidics-Benchmarks/Quick_Examples/library/three_in_mixer.lfr
['three_in_mixer.lfr', 'two_in_mixer.lfr', 'import_parallel_premix.lfr']
output dir: Microfluidics-Benchmarks/Results/Quick_Examples/import_parallel_premix
('./Microfluidics-Benchmarks/Quick_Examples/import_parallel_premix.lfr',)
ANTLR runtime and generated code versions disagree: 4.13.2!=4.10.1
ANTLR runtime and generated code versions disagree: 4.13.2!=4.10.1
Initialized the lfrcompiler
Performing operation: <VectorRange::Vector - in_a [0 : 0]> + <VectorRange::Vector - in_b [0 : 0]>
Creating a vector of type [None]
Performing operation: <VectorRange::Vector - in_a_in_b [0 : 0]> + <VectorRange::Vector - in_c [0 : 0]>
Creating a vector of type [None]
Creating a vector of type [None]
LHS, RHS sizes are equal
FLOW - in_a_MIX_(+)_in_b_0_MIX_(+)_in_c_1_PROCESS_(~)_2 IO - Name: out_1, Type : IOType.FLOW_OUTPUT
<class 'lfr.fig.interaction.FluidFluidInteraction'>
+
<class 'lfr.fig.interaction.FluidFluidInteraction'>
+
<class 'lfr.fig.interaction.FluidProcessInteraction'>
~
Performing operation: <VectorRange::Vector - in_a [0 : 0]> + <VectorRange::Vector - in_b [0 : 0]>
Creating a vector of type [None]
Creating a vector of type [None]
LHS, RHS sizes are equal
FLOW - in_a_MIX_(+)_in_b_3_PROCESS_(~)_4 IO - Name: out_1, Type : IOType.FLOW_OUTPUT
<class 'lfr.fig.interaction.FluidFluidInteraction'>
+
<class 'lfr.fig.interaction.FluidProcessInteraction'>
~
Name : import_parallel_premix
Name: lane_a_r1, Type : IOType.FLOW_INPUT
Name: lane_a_r2, Type : IOType.FLOW_INPUT
Name: lane_b_r1, Type : IOType.FLOW_INPUT
Name: lane_b_r2, Type : IOType.FLOW_INPUT
Name: carrier, Type : IOType.FLOW_INPUT
Name: outlet, Type : IOType.FLOW_OUTPUT

---Top of Stack---
---Bottom of Stack---
output: /home/cidar-ron/Downloads/Neptune_2026/Microfluidics-Benchmarks/Results/Quick_Examples/import_parallel_premix/import_parallel_premix
output: /home/cidar-ron/Downloads/Neptune_2026/Microfluidics-Benchmarks/Results/Quick_Examples/import_parallel_premix/import_parallel_premix/import_parallel_premix.dot
output: /home/cidar-ron/Downloads/Neptune_2026/Microfluidics-Benchmarks/Results/Quick_Examples/import_parallel_premix/import_parallel_premix
output: /home/cidar-ron/Downloads/Neptune_2026/Microfluidics-Benchmarks/Results/Quick_Examples/import_parallel_premix/import_parallel_premix/import_parallel_premix_FIG.dot
Flow candidate: {'lane_a_mix_out_1', 'lane_a_premix', 'combine_in_a'}
Passthrough found: {'lane_a_mix_out_1', 'lane_a_premix', 'combine_in_a'}
Removing the component: {'lane_a_mix_out_1', 'lane_a_premix', 'combine_in_a'}
Flow candidate: {'lane_b_mix_out_1', 'combine_in_b', 'lane_b_premix'}
Passthrough found: {'lane_b_mix_out_1', 'combine_in_b', 'lane_b_premix'}
Removing the component: {'lane_b_mix_out_1', 'combine_in_b', 'lane_b_premix'}
Flow candidate: {'lane_a_mix_in_a'}
Passthrough found: {'lane_a_mix_in_a'}
Removing the component: {'lane_a_mix_in_a'}
Flow candidate: {'lane_a_mix_in_b'}
Passthrough found: {'lane_a_mix_in_b'}
Removing the component: {'lane_a_mix_in_b'}
Flow candidate: {'lane_b_mix_in_a'}
Passthrough found: {'lane_b_mix_in_a'}
Removing the component: {'lane_b_mix_in_a'}
Flow candidate: {'lane_b_mix_in_b'}
Passthrough found: {'lane_b_mix_in_b'}
Removing the component: {'lane_b_mix_in_b'}
Flow candidate: {'combine_in_c'}
Passthrough found: {'combine_in_c'}
Removing the component: {'combine_in_c'}
Flow candidate: {'combine_out_1'}
Passthrough found: {'combine_out_1'}
Removing the component: {'combine_out_1'}
output: /home/cidar-ron/Downloads/Neptune_2026/Microfluidics-Benchmarks/Results/Quick_Examples/import_parallel_premix/import_parallel_premix
output: /home/cidar-ron/Downloads/Neptune_2026/Microfluidics-Benchmarks/Results/Quick_Examples/import_parallel_premix/import_parallel_premix/import_parallel_premix_FIG_simplified.dot
[]
('6fc35c7c22084cae72e62a0163574d8c', 'REACTION CHAMBER', '{\n            v1: REACTION CHAMBER\n        }')
('5b0789de1846a32aa239997c6b11eba8', 'PORT', '{\n            v1:IO\n        }')
('3888a3a085a0b78f43d9ad9257fb94cd', 'MIXER', '{\n            v1:MIX\n        }')
('d1781b16b1ea9b97644d83f5671ba40d', 'MIXER', '{\n            v1:DILUTE\n        }')
('8330be665ac09c4b528fb673eaf54323', 'PICOINJECTOR', '{\n            v1:MIX\n        }')
('588c06b63717d489f484abec4d043630', 'DROPLET MERGER', '{\n            v1:MIX\n        }')
('5cd84e8394bf8d6c20a6333d70b59771', 'DROPLET SORTER', '{\n            v1:SIEVE\n        }')
('9722844e53ed3f50c3e82c3f8015876f', 'NOZZLE DROPLET GENERATOR', '{\n            v1:METER\n        }')
('914238687115aa147b97e8d5533e886c', 'DROPLET MERGER JUNCTION', '{\n            v1:MIX\n        }')
('d886b57db1ce64cdc693b482957a8fe2', 'DROPLET MERGER CHANNEL', '{\n            v1:MIX\n        }')
line 2:25 extraneous input 'CHAMBER' expecting {',', '}'}
('d949473e8c28c7624371eb1477dc026b', 'DROPLET SPLITTER', '{\n            v1:DIVIDE\n        }')
('cdea77c5343e10aa9ebcb993ab494b7b', 'DROPLET CAPACITANCE SENSOR', '{\n            v1:PROCESS\n        }')
('ddafeac84b5c1d4256c02be0327aad6b', 'SQUARE CELL TRAP', '{\n            v1:STORAGE\n        }')
('cd9f240e7e4fed74b91aa6e3b94eec01', 'LONG CELL TRAPPER', '{\n            v1:STORAGE\n        }')
('26f0a16b9d1878f24029199874cd778b', 'FILTER', '{\n            v1:PROCESS\n        }')
('c9770124d971f8583173f0dd28b4017b', 'DROPLET FLUORESCENCE SENSOR', '{\n            v1:PROCESS\n        }')
('09781c385e672251742ca6cc07e56759', 'DROPLET LUMINESCENCE SENSOR', '{\n            v1:PROCESS\n        }')
('1159f8c0f6837f1916dd1b43d142fa9d', 'DROPLET SPACER', '{\n            v1:PROCESS\n        }')
('feb0fbd9a78edd7b903246b2de78427e', 'YTREE', '')
('f52e9c50a060add65a035429b2a22229', 'CHANNEL', '')
[]
6fc35c7c22084cae72e62a0163574d8c
ANTLR runtime and generated code versions disagree: 4.13.2!=4.10
ANTLR runtime and generated code versions disagree: 4.13.2!=4.10
<lfr.graphmatch.matchpattern.MatchPattern object at 0x760b4a024a30>
[('lane_a_r1', 'lane_a_mix_in_a_MIX_(+)_in_b_3'), ('lane_a_r2', 'lane_a_mix_in_a_MIX_(+)_in_b_3'), ('lane_b_r1', 'lane_b_mix_in_a_MIX_(+)_in_b_3'), ('lane_b_r2', 'lane_b_mix_in_a_MIX_(+)_in_b_3'), ('carrier', 'combine_in_a_MIX_(+)_in_b_0_MIX_(+)_in_c_1'), ('lane_a_mix_in_a_MIX_(+)_in_b_3', 'lane_a_mix_in_a_MIX_(+)_in_b_3_PROCESS_(~)_4'), ('lane_a_mix_in_a_MIX_(+)_in_b_3_PROCESS_(~)_4', 'combine_in_a_MIX_(+)_in_b_0'), ('lane_b_mix_in_a_MIX_(+)_in_b_3', 'lane_b_mix_in_a_MIX_(+)_in_b_3_PROCESS_(~)_4'), ('lane_b_mix_in_a_MIX_(+)_in_b_3_PROCESS_(~)_4', 'combine_in_a_MIX_(+)_in_b_0'), ('combine_in_a_MIX_(+)_in_b_0', 'combine_in_a_MIX_(+)_in_b_0_MIX_(+)_in_c_1'), ('combine_in_a_MIX_(+)_in_b_0_MIX_(+)_in_c_1', 'combine_in_a_MIX_(+)_in_b_0_MIX_(+)_in_c_1_PROCESS_(~)_2'), ('combine_in_a_MIX_(+)_in_b_0_MIX_(+)_in_c_1_PROCESS_(~)_2', 'outlet')]
Templates Here
Structural Template Nodes: [('v1', {})]
Structural Template Edges: []
Node v1 has the following constraints:
[]
Templates End
[]
5b0789de1846a32aa239997c6b11eba8
ANTLR runtime and generated code versions disagree: 4.13.2!=4.10
ANTLR runtime and generated code versions disagree: 4.13.2!=4.10
<lfr.graphmatch.matchpattern.MatchPattern object at 0x760b49feb550>
[('lane_a_r1', 'lane_a_mix_in_a_MIX_(+)_in_b_3'), ('lane_a_r2', 'lane_a_mix_in_a_MIX_(+)_in_b_3'), ('lane_b_r1', 'lane_b_mix_in_a_MIX_(+)_in_b_3'), ('lane_b_r2', 'lane_b_mix_in_a_MIX_(+)_in_b_3'), ('carrier', 'combine_in_a_MIX_(+)_in_b_0_MIX_(+)_in_c_1'), ('lane_a_mix_in_a_MIX_(+)_in_b_3', 'lane_a_mix_in_a_MIX_(+)_in_b_3_PROCESS_(~)_4'), ('lane_a_mix_in_a_MIX_(+)_in_b_3_PROCESS_(~)_4', 'combine_in_a_MIX_(+)_in_b_0'), ('lane_b_mix_in_a_MIX_(+)_in_b_3', 'lane_b_mix_in_a_MIX_(+)_in_b_3_PROCESS_(~)_4'), ('lane_b_mix_in_a_MIX_(+)_in_b_3_PROCESS_(~)_4', 'combine_in_a_MIX_(+)_in_b_0'), ('combine_in_a_MIX_(+)_in_b_0', 'combine_in_a_MIX_(+)_in_b_0_MIX_(+)_in_c_1'), ('combine_in_a_MIX_(+)_in_b_0_MIX_(+)_in_c_1', 'combine_in_a_MIX_(+)_in_b_0_MIX_(+)_in_c_1_PROCESS_(~)_2'), ('combine_in_a_MIX_(+)_in_b_0_MIX_(+)_in_c_1_PROCESS_(~)_2', 'outlet')]
Templates Here
Structural Template Nodes: [('v1', {})]
Structural Template Edges: []
Node v1 has the following constraints:
[]
Templates End
Found Match: 5b0789de1846a32aa239997c6b11eba8
{'outlet': 'v1'}
Found Match: 5b0789de1846a32aa239997c6b11eba8
{'carrier': 'v1'}
Found Match: 5b0789de1846a32aa239997c6b11eba8
{'lane_a_r2': 'v1'}
Found Match: 5b0789de1846a32aa239997c6b11eba8
{'lane_b_r1': 'v1'}
Found Match: 5b0789de1846a32aa239997c6b11eba8
{'lane_b_r2': 'v1'}
Found Match: 5b0789de1846a32aa239997c6b11eba8
{'lane_a_r1': 'v1'}
[('5b0789de1846a32aa239997c6b11eba8', 'PORT', {'outlet': 'v1'}), ('5b0789de1846a32aa239997c6b11eba8', 'PORT', {'carrier': 'v1'}), ('5b0789de1846a32aa239997c6b11eba8', 'PORT', {'lane_a_r2': 'v1'}), ('5b0789de1846a32aa239997c6b11eba8', 'PORT', {'lane_b_r1': 'v1'}), ('5b0789de1846a32aa239997c6b11eba8', 'PORT', {'lane_b_r2': 'v1'}), ('5b0789de1846a32aa239997c6b11eba8', 'PORT', {'lane_a_r1': 'v1'})]
3888a3a085a0b78f43d9ad9257fb94cd
ANTLR runtime and generated code versions disagree: 4.13.2!=4.10
ANTLR runtime and generated code versions disagree: 4.13.2!=4.10
<lfr.graphmatch.matchpattern.MatchPattern object at 0x760b49feb0d0>
[('lane_a_r1', 'lane_a_mix_in_a_MIX_(+)_in_b_3'), ('lane_a_r2', 'lane_a_mix_in_a_MIX_(+)_in_b_3'), ('lane_b_r1', 'lane_b_mix_in_a_MIX_(+)_in_b_3'), ('lane_b_r2', 'lane_b_mix_in_a_MIX_(+)_in_b_3'), ('carrier', 'combine_in_a_MIX_(+)_in_b_0_MIX_(+)_in_c_1'), ('lane_a_mix_in_a_MIX_(+)_in_b_3', 'lane_a_mix_in_a_MIX_(+)_in_b_3_PROCESS_(~)_4'), ('lane_a_mix_in_a_MIX_(+)_in_b_3_PROCESS_(~)_4', 'combine_in_a_MIX_(+)_in_b_0'), ('lane_b_mix_in_a_MIX_(+)_in_b_3', 'lane_b_mix_in_a_MIX_(+)_in_b_3_PROCESS_(~)_4'), ('lane_b_mix_in_a_MIX_(+)_in_b_3_PROCESS_(~)_4', 'combine_in_a_MIX_(+)_in_b_0'), ('combine_in_a_MIX_(+)_in_b_0', 'combine_in_a_MIX_(+)_in_b_0_MIX_(+)_in_c_1'), ('combine_in_a_MIX_(+)_in_b_0_MIX_(+)_in_c_1', 'combine_in_a_MIX_(+)_in_b_0_MIX_(+)_in_c_1_PROCESS_(~)_2'), ('combine_in_a_MIX_(+)_in_b_0_MIX_(+)_in_c_1_PROCESS_(~)_2', 'outlet')]
Templates Here
Structural Template Nodes: [('v1', {})]
Structural Template Edges: []
Node v1 has the following constraints:
[]
Templates End
Found Match: 3888a3a085a0b78f43d9ad9257fb94cd
{'lane_b_mix_in_a_MIX_(+)_in_b_3': 'v1'}
Found Match: 3888a3a085a0b78f43d9ad9257fb94cd
{'combine_in_a_MIX_(+)_in_b_0_MIX_(+)_in_c_1': 'v1'}
Found Match: 3888a3a085a0b78f43d9ad9257fb94cd
{'combine_in_a_MIX_(+)_in_b_0': 'v1'}
Found Match: 3888a3a085a0b78f43d9ad9257fb94cd
{'lane_a_mix_in_a_MIX_(+)_in_b_3': 'v1'}
[('5b0789de1846a32aa239997c6b11eba8', 'PORT', {'outlet': 'v1'}), ('5b0789de1846a32aa239997c6b11eba8', 'PORT', {'carrier': 'v1'}), ('5b0789de1846a32aa239997c6b11eba8', 'PORT', {'lane_a_r2': 'v1'}), ('5b0789de1846a32aa239997c6b11eba8', 'PORT', {'lane_b_r1': 'v1'}), ('5b0789de1846a32aa239997c6b11eba8', 'PORT', {'lane_b_r2': 'v1'}), ('5b0789de1846a32aa239997c6b11eba8', 'PORT', {'lane_a_r1': 'v1'}), ('3888a3a085a0b78f43d9ad9257fb94cd', 'MIXER', {'lane_b_mix_in_a_MIX_(+)_in_b_3': 'v1'}), ('3888a3a085a0b78f43d9ad9257fb94cd', 'MIXER', {'combine_in_a_MIX_(+)_in_b_0_MIX_(+)_in_c_1': 'v1'}), ('3888a3a085a0b78f43d9ad9257fb94cd', 'MIXER', {'combine_in_a_MIX_(+)_in_b_0': 'v1'}), ('3888a3a085a0b78f43d9ad9257fb94cd', 'MIXER', {'lane_a_mix_in_a_MIX_(+)_in_b_3': 'v1'})]
d1781b16b1ea9b97644d83f5671ba40d
ANTLR runtime and generated code versions disagree: 4.13.2!=4.10
ANTLR runtime and generated code versions disagree: 4.13.2!=4.10
<lfr.graphmatch.matchpattern.MatchPattern object at 0x760b49feba00>
[('lane_a_r1', 'lane_a_mix_in_a_MIX_(+)_in_b_3'), ('lane_a_r2', 'lane_a_mix_in_a_MIX_(+)_in_b_3'), ('lane_b_r1', 'lane_b_mix_in_a_MIX_(+)_in_b_3'), ('lane_b_r2', 'lane_b_mix_in_a_MIX_(+)_in_b_3'), ('carrier', 'combine_in_a_MIX_(+)_in_b_0_MIX_(+)_in_c_1'), ('lane_a_mix_in_a_MIX_(+)_in_b_3', 'lane_a_mix_in_a_MIX_(+)_in_b_3_PROCESS_(~)_4'), ('lane_a_mix_in_a_MIX_(+)_in_b_3_PROCESS_(~)_4', 'combine_in_a_MIX_(+)_in_b_0'), ('lane_b_mix_in_a_MIX_(+)_in_b_3', 'lane_b_mix_in_a_MIX_(+)_in_b_3_PROCESS_(~)_4'), ('lane_b_mix_in_a_MIX_(+)_in_b_3_PROCESS_(~)_4', 'combine_in_a_MIX_(+)_in_b_0'), ('combine_in_a_MIX_(+)_in_b_0', 'combine_in_a_MIX_(+)_in_b_0_MIX_(+)_in_c_1'), ('combine_in_a_MIX_(+)_in_b_0_MIX_(+)_in_c_1', 'combine_in_a_MIX_(+)_in_b_0_MIX_(+)_in_c_1_PROCESS_(~)_2'), ('combine_in_a_MIX_(+)_in_b_0_MIX_(+)_in_c_1_PROCESS_(~)_2', 'outlet')]
Templates Here
Structural Template Nodes: [('v1', {})]
Structural Template Edges: []
Node v1 has the following constraints:
[]
Templates End
[('5b0789de1846a32aa239997c6b11eba8', 'PORT', {'outlet': 'v1'}), ('5b0789de1846a32aa239997c6b11eba8', 'PORT', {'carrier': 'v1'}), ('5b0789de1846a32aa239997c6b11eba8', 'PORT', {'lane_a_r2': 'v1'}), ('5b0789de1846a32aa239997c6b11eba8', 'PORT', {'lane_b_r1': 'v1'}), ('5b0789de1846a32aa239997c6b11eba8', 'PORT', {'lane_b_r2': 'v1'}), ('5b0789de1846a32aa239997c6b11eba8', 'PORT', {'lane_a_r1': 'v1'}), ('3888a3a085a0b78f43d9ad9257fb94cd', 'MIXER', {'lane_b_mix_in_a_MIX_(+)_in_b_3': 'v1'}), ('3888a3a085a0b78f43d9ad9257fb94cd', 'MIXER', {'combine_in_a_MIX_(+)_in_b_0_MIX_(+)_in_c_1': 'v1'}), ('3888a3a085a0b78f43d9ad9257fb94cd', 'MIXER', {'combine_in_a_MIX_(+)_in_b_0': 'v1'}), ('3888a3a085a0b78f43d9ad9257fb94cd', 'MIXER', {'lane_a_mix_in_a_MIX_(+)_in_b_3': 'v1'})]
8330be665ac09c4b528fb673eaf54323
ANTLR runtime and generated code versions disagree: 4.13.2!=4.10
ANTLR runtime and generated code versions disagree: 4.13.2!=4.10
<lfr.graphmatch.matchpattern.MatchPattern object at 0x760b49fe93f0>
[('lane_a_r1', 'lane_a_mix_in_a_MIX_(+)_in_b_3'), ('lane_a_r2', 'lane_a_mix_in_a_MIX_(+)_in_b_3'), ('lane_b_r1', 'lane_b_mix_in_a_MIX_(+)_in_b_3'), ('lane_b_r2', 'lane_b_mix_in_a_MIX_(+)_in_b_3'), ('carrier', 'combine_in_a_MIX_(+)_in_b_0_MIX_(+)_in_c_1'), ('lane_a_mix_in_a_MIX_(+)_in_b_3', 'lane_a_mix_in_a_MIX_(+)_in_b_3_PROCESS_(~)_4'), ('lane_a_mix_in_a_MIX_(+)_in_b_3_PROCESS_(~)_4', 'combine_in_a_MIX_(+)_in_b_0'), ('lane_b_mix_in_a_MIX_(+)_in_b_3', 'lane_b_mix_in_a_MIX_(+)_in_b_3_PROCESS_(~)_4'), ('lane_b_mix_in_a_MIX_(+)_in_b_3_PROCESS_(~)_4', 'combine_in_a_MIX_(+)_in_b_0'), ('combine_in_a_MIX_(+)_in_b_0', 'combine_in_a_MIX_(+)_in_b_0_MIX_(+)_in_c_1'), ('combine_in_a_MIX_(+)_in_b_0_MIX_(+)_in_c_1', 'combine_in_a_MIX_(+)_in_b_0_MIX_(+)_in_c_1_PROCESS_(~)_2'), ('combine_in_a_MIX_(+)_in_b_0_MIX_(+)_in_c_1_PROCESS_(~)_2', 'outlet')]
Templates Here
Structural Template Nodes: [('v1', {})]
Structural Template Edges: []
Node v1 has the following constraints:
[]
Templates End
[('5b0789de1846a32aa239997c6b11eba8', 'PORT', {'outlet': 'v1'}), ('5b0789de1846a32aa239997c6b11eba8', 'PORT', {'carrier': 'v1'}), ('5b0789de1846a32aa239997c6b11eba8', 'PORT', {'lane_a_r2': 'v1'}), ('5b0789de1846a32aa239997c6b11eba8', 'PORT', {'lane_b_r1': 'v1'}), ('5b0789de1846a32aa239997c6b11eba8', 'PORT', {'lane_b_r2': 'v1'}), ('5b0789de1846a32aa239997c6b11eba8', 'PORT', {'lane_a_r1': 'v1'}), ('3888a3a085a0b78f43d9ad9257fb94cd', 'MIXER', {'lane_b_mix_in_a_MIX_(+)_in_b_3': 'v1'}), ('3888a3a085a0b78f43d9ad9257fb94cd', 'MIXER', {'combine_in_a_MIX_(+)_in_b_0_MIX_(+)_in_c_1': 'v1'}), ('3888a3a085a0b78f43d9ad9257fb94cd', 'MIXER', {'combine_in_a_MIX_(+)_in_b_0': 'v1'}), ('3888a3a085a0b78f43d9ad9257fb94cd', 'MIXER', {'lane_a_mix_in_a_MIX_(+)_in_b_3': 'v1'})]
588c06b63717d489f484abec4d043630
ANTLR runtime and generated code versions disagree: 4.13.2!=4.10
ANTLR runtime and generated code versions disagree: 4.13.2!=4.10
<lfr.graphmatch.matchpattern.MatchPattern object at 0x760b4a024070>
[('lane_a_r1', 'lane_a_mix_in_a_MIX_(+)_in_b_3'), ('lane_a_r2', 'lane_a_mix_in_a_MIX_(+)_in_b_3'), ('lane_b_r1', 'lane_b_mix_in_a_MIX_(+)_in_b_3'), ('lane_b_r2', 'lane_b_mix_in_a_MIX_(+)_in_b_3'), ('carrier', 'combine_in_a_MIX_(+)_in_b_0_MIX_(+)_in_c_1'), ('lane_a_mix_in_a_MIX_(+)_in_b_3', 'lane_a_mix_in_a_MIX_(+)_in_b_3_PROCESS_(~)_4'), ('lane_a_mix_in_a_MIX_(+)_in_b_3_PROCESS_(~)_4', 'combine_in_a_MIX_(+)_in_b_0'), ('lane_b_mix_in_a_MIX_(+)_in_b_3', 'lane_b_mix_in_a_MIX_(+)_in_b_3_PROCESS_(~)_4'), ('lane_b_mix_in_a_MIX_(+)_in_b_3_PROCESS_(~)_4', 'combine_in_a_MIX_(+)_in_b_0'), ('combine_in_a_MIX_(+)_in_b_0', 'combine_in_a_MIX_(+)_in_b_0_MIX_(+)_in_c_1'), ('combine_in_a_MIX_(+)_in_b_0_MIX_(+)_in_c_1', 'combine_in_a_MIX_(+)_in_b_0_MIX_(+)_in_c_1_PROCESS_(~)_2'), ('combine_in_a_MIX_(+)_in_b_0_MIX_(+)_in_c_1_PROCESS_(~)_2', 'outlet')]
Templates Here
Structural Template Nodes: [('v1', {})]
Structural Template Edges: []
Node v1 has the following constraints:
[]
Templates End
[('5b0789de1846a32aa239997c6b11eba8', 'PORT', {'outlet': 'v1'}), ('5b0789de1846a32aa239997c6b11eba8', 'PORT', {'carrier': 'v1'}), ('5b0789de1846a32aa239997c6b11eba8', 'PORT', {'lane_a_r2': 'v1'}), ('5b0789de1846a32aa239997c6b11eba8', 'PORT', {'lane_b_r1': 'v1'}), ('5b0789de1846a32aa239997c6b11eba8', 'PORT', {'lane_b_r2': 'v1'}), ('5b0789de1846a32aa239997c6b11eba8', 'PORT', {'lane_a_r1': 'v1'}), ('3888a3a085a0b78f43d9ad9257fb94cd', 'MIXER', {'lane_b_mix_in_a_MIX_(+)_in_b_3': 'v1'}), ('3888a3a085a0b78f43d9ad9257fb94cd', 'MIXER', {'combine_in_a_MIX_(+)_in_b_0_MIX_(+)_in_c_1': 'v1'}), ('3888a3a085a0b78f43d9ad9257fb94cd', 'MIXER', {'combine_in_a_MIX_(+)_in_b_0': 'v1'}), ('3888a3a085a0b78f43d9ad9257fb94cd', 'MIXER', {'lane_a_mix_in_a_MIX_(+)_in_b_3': 'v1'})]
5cd84e8394bf8d6c20a6333d70b59771
ANTLR runtime and generated code versions disagree: 4.13.2!=4.10
ANTLR runtime and generated code versions disagree: 4.13.2!=4.10
<lfr.graphmatch.matchpattern.MatchPattern object at 0x760b49feb6d0>
[('lane_a_r1', 'lane_a_mix_in_a_MIX_(+)_in_b_3'), ('lane_a_r2', 'lane_a_mix_in_a_MIX_(+)_in_b_3'), ('lane_b_r1', 'lane_b_mix_in_a_MIX_(+)_in_b_3'), ('lane_b_r2', 'lane_b_mix_in_a_MIX_(+)_in_b_3'), ('carrier', 'combine_in_a_MIX_(+)_in_b_0_MIX_(+)_in_c_1'), ('lane_a_mix_in_a_MIX_(+)_in_b_3', 'lane_a_mix_in_a_MIX_(+)_in_b_3_PROCESS_(~)_4'), ('lane_a_mix_in_a_MIX_(+)_in_b_3_PROCESS_(~)_4', 'combine_in_a_MIX_(+)_in_b_0'), ('lane_b_mix_in_a_MIX_(+)_in_b_3', 'lane_b_mix_in_a_MIX_(+)_in_b_3_PROCESS_(~)_4'), ('lane_b_mix_in_a_MIX_(+)_in_b_3_PROCESS_(~)_4', 'combine_in_a_MIX_(+)_in_b_0'), ('combine_in_a_MIX_(+)_in_b_0', 'combine_in_a_MIX_(+)_in_b_0_MIX_(+)_in_c_1'), ('combine_in_a_MIX_(+)_in_b_0_MIX_(+)_in_c_1', 'combine_in_a_MIX_(+)_in_b_0_MIX_(+)_in_c_1_PROCESS_(~)_2'), ('combine_in_a_MIX_(+)_in_b_0_MIX_(+)_in_c_1_PROCESS_(~)_2', 'outlet')]
Templates Here
Structural Template Nodes: [('v1', {})]
Structural Template Edges: []
Node v1 has the following constraints:
[]
Templates End
[('5b0789de1846a32aa239997c6b11eba8', 'PORT', {'outlet': 'v1'}), ('5b0789de1846a32aa239997c6b11eba8', 'PORT', {'carrier': 'v1'}), ('5b0789de1846a32aa239997c6b11eba8', 'PORT', {'lane_a_r2': 'v1'}), ('5b0789de1846a32aa239997c6b11eba8', 'PORT', {'lane_b_r1': 'v1'}), ('5b0789de1846a32aa239997c6b11eba8', 'PORT', {'lane_b_r2': 'v1'}), ('5b0789de1846a32aa239997c6b11eba8', 'PORT', {'lane_a_r1': 'v1'}), ('3888a3a085a0b78f43d9ad9257fb94cd', 'MIXER', {'lane_b_mix_in_a_MIX_(+)_in_b_3': 'v1'}), ('3888a3a085a0b78f43d9ad9257fb94cd', 'MIXER', {'combine_in_a_MIX_(+)_in_b_0_MIX_(+)_in_c_1': 'v1'}), ('3888a3a085a0b78f43d9ad9257fb94cd', 'MIXER', {'combine_in_a_MIX_(+)_in_b_0': 'v1'}), ('3888a3a085a0b78f43d9ad9257fb94cd', 'MIXER', {'lane_a_mix_in_a_MIX_(+)_in_b_3': 'v1'})]
9722844e53ed3f50c3e82c3f8015876f
ANTLR runtime and generated code versions disagree: 4.13.2!=4.10
ANTLR runtime and generated code versions disagree: 4.13.2!=4.10
<lfr.graphmatch.matchpattern.MatchPattern object at 0x760b49feb790>
[('lane_a_r1', 'lane_a_mix_in_a_MIX_(+)_in_b_3'), ('lane_a_r2', 'lane_a_mix_in_a_MIX_(+)_in_b_3'), ('lane_b_r1', 'lane_b_mix_in_a_MIX_(+)_in_b_3'), ('lane_b_r2', 'lane_b_mix_in_a_MIX_(+)_in_b_3'), ('carrier', 'combine_in_a_MIX_(+)_in_b_0_MIX_(+)_in_c_1'), ('lane_a_mix_in_a_MIX_(+)_in_b_3', 'lane_a_mix_in_a_MIX_(+)_in_b_3_PROCESS_(~)_4'), ('lane_a_mix_in_a_MIX_(+)_in_b_3_PROCESS_(~)_4', 'combine_in_a_MIX_(+)_in_b_0'), ('lane_b_mix_in_a_MIX_(+)_in_b_3', 'lane_b_mix_in_a_MIX_(+)_in_b_3_PROCESS_(~)_4'), ('lane_b_mix_in_a_MIX_(+)_in_b_3_PROCESS_(~)_4', 'combine_in_a_MIX_(+)_in_b_0'), ('combine_in_a_MIX_(+)_in_b_0', 'combine_in_a_MIX_(+)_in_b_0_MIX_(+)_in_c_1'), ('combine_in_a_MIX_(+)_in_b_0_MIX_(+)_in_c_1', 'combine_in_a_MIX_(+)_in_b_0_MIX_(+)_in_c_1_PROCESS_(~)_2'), ('combine_in_a_MIX_(+)_in_b_0_MIX_(+)_in_c_1_PROCESS_(~)_2', 'outlet')]
Templates Here
Structural Template Nodes: [('v1', {})]
Structural Template Edges: []
Node v1 has the following constraints:
[]
Templates End
[('5b0789de1846a32aa239997c6b11eba8', 'PORT', {'outlet': 'v1'}), ('5b0789de1846a32aa239997c6b11eba8', 'PORT', {'carrier': 'v1'}), ('5b0789de1846a32aa239997c6b11eba8', 'PORT', {'lane_a_r2': 'v1'}), ('5b0789de1846a32aa239997c6b11eba8', 'PORT', {'lane_b_r1': 'v1'}), ('5b0789de1846a32aa239997c6b11eba8', 'PORT', {'lane_b_r2': 'v1'}), ('5b0789de1846a32aa239997c6b11eba8', 'PORT', {'lane_a_r1': 'v1'}), ('3888a3a085a0b78f43d9ad9257fb94cd', 'MIXER', {'lane_b_mix_in_a_MIX_(+)_in_b_3': 'v1'}), ('3888a3a085a0b78f43d9ad9257fb94cd', 'MIXER', {'combine_in_a_MIX_(+)_in_b_0_MIX_(+)_in_c_1': 'v1'}), ('3888a3a085a0b78f43d9ad9257fb94cd', 'MIXER', {'combine_in_a_MIX_(+)_in_b_0': 'v1'}), ('3888a3a085a0b78f43d9ad9257fb94cd', 'MIXER', {'lane_a_mix_in_a_MIX_(+)_in_b_3': 'v1'})]
914238687115aa147b97e8d5533e886c
ANTLR runtime and generated code versions disagree: 4.13.2!=4.10
ANTLR runtime and generated code versions disagree: 4.13.2!=4.10
<lfr.graphmatch.matchpattern.MatchPattern object at 0x760b49feb730>
[('lane_a_r1', 'lane_a_mix_in_a_MIX_(+)_in_b_3'), ('lane_a_r2', 'lane_a_mix_in_a_MIX_(+)_in_b_3'), ('lane_b_r1', 'lane_b_mix_in_a_MIX_(+)_in_b_3'), ('lane_b_r2', 'lane_b_mix_in_a_MIX_(+)_in_b_3'), ('carrier', 'combine_in_a_MIX_(+)_in_b_0_MIX_(+)_in_c_1'), ('lane_a_mix_in_a_MIX_(+)_in_b_3', 'lane_a_mix_in_a_MIX_(+)_in_b_3_PROCESS_(~)_4'), ('lane_a_mix_in_a_MIX_(+)_in_b_3_PROCESS_(~)_4', 'combine_in_a_MIX_(+)_in_b_0'), ('lane_b_mix_in_a_MIX_(+)_in_b_3', 'lane_b_mix_in_a_MIX_(+)_in_b_3_PROCESS_(~)_4'), ('lane_b_mix_in_a_MIX_(+)_in_b_3_PROCESS_(~)_4', 'combine_in_a_MIX_(+)_in_b_0'), ('combine_in_a_MIX_(+)_in_b_0', 'combine_in_a_MIX_(+)_in_b_0_MIX_(+)_in_c_1'), ('combine_in_a_MIX_(+)_in_b_0_MIX_(+)_in_c_1', 'combine_in_a_MIX_(+)_in_b_0_MIX_(+)_in_c_1_PROCESS_(~)_2'), ('combine_in_a_MIX_(+)_in_b_0_MIX_(+)_in_c_1_PROCESS_(~)_2', 'outlet')]
Templates Here
Structural Template Nodes: [('v1', {})]
Structural Template Edges: []
Node v1 has the following constraints:
[]
Templates End
[('5b0789de1846a32aa239997c6b11eba8', 'PORT', {'outlet': 'v1'}), ('5b0789de1846a32aa239997c6b11eba8', 'PORT', {'carrier': 'v1'}), ('5b0789de1846a32aa239997c6b11eba8', 'PORT', {'lane_a_r2': 'v1'}), ('5b0789de1846a32aa239997c6b11eba8', 'PORT', {'lane_b_r1': 'v1'}), ('5b0789de1846a32aa239997c6b11eba8', 'PORT', {'lane_b_r2': 'v1'}), ('5b0789de1846a32aa239997c6b11eba8', 'PORT', {'lane_a_r1': 'v1'}), ('3888a3a085a0b78f43d9ad9257fb94cd', 'MIXER', {'lane_b_mix_in_a_MIX_(+)_in_b_3': 'v1'}), ('3888a3a085a0b78f43d9ad9257fb94cd', 'MIXER', {'combine_in_a_MIX_(+)_in_b_0_MIX_(+)_in_c_1': 'v1'}), ('3888a3a085a0b78f43d9ad9257fb94cd', 'MIXER', {'combine_in_a_MIX_(+)_in_b_0': 'v1'}), ('3888a3a085a0b78f43d9ad9257fb94cd', 'MIXER', {'lane_a_mix_in_a_MIX_(+)_in_b_3': 'v1'})]
d886b57db1ce64cdc693b482957a8fe2
ANTLR runtime and generated code versions disagree: 4.13.2!=4.10
ANTLR runtime and generated code versions disagree: 4.13.2!=4.10
<lfr.graphmatch.matchpattern.MatchPattern object at 0x760b4a025960>
[('lane_a_r1', 'lane_a_mix_in_a_MIX_(+)_in_b_3'), ('lane_a_r2', 'lane_a_mix_in_a_MIX_(+)_in_b_3'), ('lane_b_r1', 'lane_b_mix_in_a_MIX_(+)_in_b_3'), ('lane_b_r2', 'lane_b_mix_in_a_MIX_(+)_in_b_3'), ('carrier', 'combine_in_a_MIX_(+)_in_b_0_MIX_(+)_in_c_1'), ('lane_a_mix_in_a_MIX_(+)_in_b_3', 'lane_a_mix_in_a_MIX_(+)_in_b_3_PROCESS_(~)_4'), ('lane_a_mix_in_a_MIX_(+)_in_b_3_PROCESS_(~)_4', 'combine_in_a_MIX_(+)_in_b_0'), ('lane_b_mix_in_a_MIX_(+)_in_b_3', 'lane_b_mix_in_a_MIX_(+)_in_b_3_PROCESS_(~)_4'), ('lane_b_mix_in_a_MIX_(+)_in_b_3_PROCESS_(~)_4', 'combine_in_a_MIX_(+)_in_b_0'), ('combine_in_a_MIX_(+)_in_b_0', 'combine_in_a_MIX_(+)_in_b_0_MIX_(+)_in_c_1'), ('combine_in_a_MIX_(+)_in_b_0_MIX_(+)_in_c_1', 'combine_in_a_MIX_(+)_in_b_0_MIX_(+)_in_c_1_PROCESS_(~)_2'), ('combine_in_a_MIX_(+)_in_b_0_MIX_(+)_in_c_1_PROCESS_(~)_2', 'outlet')]
Templates Here
Structural Template Nodes: [('v1', {})]
Structural Template Edges: []
Node v1 has the following constraints:
[]
Templates End
[('5b0789de1846a32aa239997c6b11eba8', 'PORT', {'outlet': 'v1'}), ('5b0789de1846a32aa239997c6b11eba8', 'PORT', {'carrier': 'v1'}), ('5b0789de1846a32aa239997c6b11eba8', 'PORT', {'lane_a_r2': 'v1'}), ('5b0789de1846a32aa239997c6b11eba8', 'PORT', {'lane_b_r1': 'v1'}), ('5b0789de1846a32aa239997c6b11eba8', 'PORT', {'lane_b_r2': 'v1'}), ('5b0789de1846a32aa239997c6b11eba8', 'PORT', {'lane_a_r1': 'v1'}), ('3888a3a085a0b78f43d9ad9257fb94cd', 'MIXER', {'lane_b_mix_in_a_MIX_(+)_in_b_3': 'v1'}), ('3888a3a085a0b78f43d9ad9257fb94cd', 'MIXER', {'combine_in_a_MIX_(+)_in_b_0_MIX_(+)_in_c_1': 'v1'}), ('3888a3a085a0b78f43d9ad9257fb94cd', 'MIXER', {'combine_in_a_MIX_(+)_in_b_0': 'v1'}), ('3888a3a085a0b78f43d9ad9257fb94cd', 'MIXER', {'lane_a_mix_in_a_MIX_(+)_in_b_3': 'v1'})]
d949473e8c28c7624371eb1477dc026b
ANTLR runtime and generated code versions disagree: 4.13.2!=4.10
ANTLR runtime and generated code versions disagree: 4.13.2!=4.10
<lfr.graphmatch.matchpattern.MatchPattern object at 0x760b4a0259f0>
[('lane_a_r1', 'lane_a_mix_in_a_MIX_(+)_in_b_3'), ('lane_a_r2', 'lane_a_mix_in_a_MIX_(+)_in_b_3'), ('lane_b_r1', 'lane_b_mix_in_a_MIX_(+)_in_b_3'), ('lane_b_r2', 'lane_b_mix_in_a_MIX_(+)_in_b_3'), ('carrier', 'combine_in_a_MIX_(+)_in_b_0_MIX_(+)_in_c_1'), ('lane_a_mix_in_a_MIX_(+)_in_b_3', 'lane_a_mix_in_a_MIX_(+)_in_b_3_PROCESS_(~)_4'), ('lane_a_mix_in_a_MIX_(+)_in_b_3_PROCESS_(~)_4', 'combine_in_a_MIX_(+)_in_b_0'), ('lane_b_mix_in_a_MIX_(+)_in_b_3', 'lane_b_mix_in_a_MIX_(+)_in_b_3_PROCESS_(~)_4'), ('lane_b_mix_in_a_MIX_(+)_in_b_3_PROCESS_(~)_4', 'combine_in_a_MIX_(+)_in_b_0'), ('combine_in_a_MIX_(+)_in_b_0', 'combine_in_a_MIX_(+)_in_b_0_MIX_(+)_in_c_1'), ('combine_in_a_MIX_(+)_in_b_0_MIX_(+)_in_c_1', 'combine_in_a_MIX_(+)_in_b_0_MIX_(+)_in_c_1_PROCESS_(~)_2'), ('combine_in_a_MIX_(+)_in_b_0_MIX_(+)_in_c_1_PROCESS_(~)_2', 'outlet')]
Templates Here
Structural Template Nodes: [('v1', {})]
Structural Template Edges: []
Node v1 has the following constraints:
[]
Templates End
[('5b0789de1846a32aa239997c6b11eba8', 'PORT', {'outlet': 'v1'}), ('5b0789de1846a32aa239997c6b11eba8', 'PORT', {'carrier': 'v1'}), ('5b0789de1846a32aa239997c6b11eba8', 'PORT', {'lane_a_r2': 'v1'}), ('5b0789de1846a32aa239997c6b11eba8', 'PORT', {'lane_b_r1': 'v1'}), ('5b0789de1846a32aa239997c6b11eba8', 'PORT', {'lane_b_r2': 'v1'}), ('5b0789de1846a32aa239997c6b11eba8', 'PORT', {'lane_a_r1': 'v1'}), ('3888a3a085a0b78f43d9ad9257fb94cd', 'MIXER', {'lane_b_mix_in_a_MIX_(+)_in_b_3': 'v1'}), ('3888a3a085a0b78f43d9ad9257fb94cd', 'MIXER', {'combine_in_a_MIX_(+)_in_b_0_MIX_(+)_in_c_1': 'v1'}), ('3888a3a085a0b78f43d9ad9257fb94cd', 'MIXER', {'combine_in_a_MIX_(+)_in_b_0': 'v1'}), ('3888a3a085a0b78f43d9ad9257fb94cd', 'MIXER', {'lane_a_mix_in_a_MIX_(+)_in_b_3': 'v1'})]
cdea77c5343e10aa9ebcb993ab494b7b
ANTLR runtime and generated code versions disagree: 4.13.2!=4.10
ANTLR runtime and generated code versions disagree: 4.13.2!=4.10
<lfr.graphmatch.matchpattern.MatchPattern object at 0x760b4a025b70>
[('lane_a_r1', 'lane_a_mix_in_a_MIX_(+)_in_b_3'), ('lane_a_r2', 'lane_a_mix_in_a_MIX_(+)_in_b_3'), ('lane_b_r1', 'lane_b_mix_in_a_MIX_(+)_in_b_3'), ('lane_b_r2', 'lane_b_mix_in_a_MIX_(+)_in_b_3'), ('carrier', 'combine_in_a_MIX_(+)_in_b_0_MIX_(+)_in_c_1'), ('lane_a_mix_in_a_MIX_(+)_in_b_3', 'lane_a_mix_in_a_MIX_(+)_in_b_3_PROCESS_(~)_4'), ('lane_a_mix_in_a_MIX_(+)_in_b_3_PROCESS_(~)_4', 'combine_in_a_MIX_(+)_in_b_0'), ('lane_b_mix_in_a_MIX_(+)_in_b_3', 'lane_b_mix_in_a_MIX_(+)_in_b_3_PROCESS_(~)_4'), ('lane_b_mix_in_a_MIX_(+)_in_b_3_PROCESS_(~)_4', 'combine_in_a_MIX_(+)_in_b_0'), ('combine_in_a_MIX_(+)_in_b_0', 'combine_in_a_MIX_(+)_in_b_0_MIX_(+)_in_c_1'), ('combine_in_a_MIX_(+)_in_b_0_MIX_(+)_in_c_1', 'combine_in_a_MIX_(+)_in_b_0_MIX_(+)_in_c_1_PROCESS_(~)_2'), ('combine_in_a_MIX_(+)_in_b_0_MIX_(+)_in_c_1_PROCESS_(~)_2', 'outlet')]
Templates Here
Structural Template Nodes: [('v1', {})]
Structural Template Edges: []
Node v1 has the following constraints:
[]
Templates End
Found Match: cdea77c5343e10aa9ebcb993ab494b7b
{'combine_in_a_MIX_(+)_in_b_0_MIX_(+)_in_c_1_PROCESS_(~)_2': 'v1'}
Found Match: cdea77c5343e10aa9ebcb993ab494b7b
{'lane_a_mix_in_a_MIX_(+)_in_b_3_PROCESS_(~)_4': 'v1'}
Found Match: cdea77c5343e10aa9ebcb993ab494b7b
{'lane_b_mix_in_a_MIX_(+)_in_b_3_PROCESS_(~)_4': 'v1'}
[('5b0789de1846a32aa239997c6b11eba8', 'PORT', {'outlet': 'v1'}), ('5b0789de1846a32aa239997c6b11eba8', 'PORT', {'carrier': 'v1'}), ('5b0789de1846a32aa239997c6b11eba8', 'PORT', {'lane_a_r2': 'v1'}), ('5b0789de1846a32aa239997c6b11eba8', 'PORT', {'lane_b_r1': 'v1'}), ('5b0789de1846a32aa239997c6b11eba8', 'PORT', {'lane_b_r2': 'v1'}), ('5b0789de1846a32aa239997c6b11eba8', 'PORT', {'lane_a_r1': 'v1'}), ('3888a3a085a0b78f43d9ad9257fb94cd', 'MIXER', {'lane_b_mix_in_a_MIX_(+)_in_b_3': 'v1'}), ('3888a3a085a0b78f43d9ad9257fb94cd', 'MIXER', {'combine_in_a_MIX_(+)_in_b_0_MIX_(+)_in_c_1': 'v1'}), ('3888a3a085a0b78f43d9ad9257fb94cd', 'MIXER', {'combine_in_a_MIX_(+)_in_b_0': 'v1'}), ('3888a3a085a0b78f43d9ad9257fb94cd', 'MIXER', {'lane_a_mix_in_a_MIX_(+)_in_b_3': 'v1'}), ('cdea77c5343e10aa9ebcb993ab494b7b', 'DROPLET CAPACITANCE SENSOR', {'combine_in_a_MIX_(+)_in_b_0_MIX_(+)_in_c_1_PROCESS_(~)_2': 'v1'}), ('cdea77c5343e10aa9ebcb993ab494b7b', 'DROPLET CAPACITANCE SENSOR', {'lane_a_mix_in_a_MIX_(+)_in_b_3_PROCESS_(~)_4': 'v1'}), ('cdea77c5343e10aa9ebcb993ab494b7b', 'DROPLET CAPACITANCE SENSOR', {'lane_b_mix_in_a_MIX_(+)_in_b_3_PROCESS_(~)_4': 'v1'})]
ddafeac84b5c1d4256c02be0327aad6b
ANTLR runtime and generated code versions disagree: 4.13.2!=4.10
ANTLR runtime and generated code versions disagree: 4.13.2!=4.10
<lfr.graphmatch.matchpattern.MatchPattern object at 0x760b49fe8b80>
[('lane_a_r1', 'lane_a_mix_in_a_MIX_(+)_in_b_3'), ('lane_a_r2', 'lane_a_mix_in_a_MIX_(+)_in_b_3'), ('lane_b_r1', 'lane_b_mix_in_a_MIX_(+)_in_b_3'), ('lane_b_r2', 'lane_b_mix_in_a_MIX_(+)_in_b_3'), ('carrier', 'combine_in_a_MIX_(+)_in_b_0_MIX_(+)_in_c_1'), ('lane_a_mix_in_a_MIX_(+)_in_b_3', 'lane_a_mix_in_a_MIX_(+)_in_b_3_PROCESS_(~)_4'), ('lane_a_mix_in_a_MIX_(+)_in_b_3_PROCESS_(~)_4', 'combine_in_a_MIX_(+)_in_b_0'), ('lane_b_mix_in_a_MIX_(+)_in_b_3', 'lane_b_mix_in_a_MIX_(+)_in_b_3_PROCESS_(~)_4'), ('lane_b_mix_in_a_MIX_(+)_in_b_3_PROCESS_(~)_4', 'combine_in_a_MIX_(+)_in_b_0'), ('combine_in_a_MIX_(+)_in_b_0', 'combine_in_a_MIX_(+)_in_b_0_MIX_(+)_in_c_1'), ('combine_in_a_MIX_(+)_in_b_0_MIX_(+)_in_c_1', 'combine_in_a_MIX_(+)_in_b_0_MIX_(+)_in_c_1_PROCESS_(~)_2'), ('combine_in_a_MIX_(+)_in_b_0_MIX_(+)_in_c_1_PROCESS_(~)_2', 'outlet')]
Templates Here
Structural Template Nodes: [('v1', {})]
Structural Template Edges: []
Node v1 has the following constraints:
[]
Templates End
[('5b0789de1846a32aa239997c6b11eba8', 'PORT', {'outlet': 'v1'}), ('5b0789de1846a32aa239997c6b11eba8', 'PORT', {'carrier': 'v1'}), ('5b0789de1846a32aa239997c6b11eba8', 'PORT', {'lane_a_r2': 'v1'}), ('5b0789de1846a32aa239997c6b11eba8', 'PORT', {'lane_b_r1': 'v1'}), ('5b0789de1846a32aa239997c6b11eba8', 'PORT', {'lane_b_r2': 'v1'}), ('5b0789de1846a32aa239997c6b11eba8', 'PORT', {'lane_a_r1': 'v1'}), ('3888a3a085a0b78f43d9ad9257fb94cd', 'MIXER', {'lane_b_mix_in_a_MIX_(+)_in_b_3': 'v1'}), ('3888a3a085a0b78f43d9ad9257fb94cd', 'MIXER', {'combine_in_a_MIX_(+)_in_b_0_MIX_(+)_in_c_1': 'v1'}), ('3888a3a085a0b78f43d9ad9257fb94cd', 'MIXER', {'combine_in_a_MIX_(+)_in_b_0': 'v1'}), ('3888a3a085a0b78f43d9ad9257fb94cd', 'MIXER', {'lane_a_mix_in_a_MIX_(+)_in_b_3': 'v1'}), ('cdea77c5343e10aa9ebcb993ab494b7b', 'DROPLET CAPACITANCE SENSOR', {'combine_in_a_MIX_(+)_in_b_0_MIX_(+)_in_c_1_PROCESS_(~)_2': 'v1'}), ('cdea77c5343e10aa9ebcb993ab494b7b', 'DROPLET CAPACITANCE SENSOR', {'lane_a_mix_in_a_MIX_(+)_in_b_3_PROCESS_(~)_4': 'v1'}), ('cdea77c5343e10aa9ebcb993ab494b7b', 'DROPLET CAPACITANCE SENSOR', {'lane_b_mix_in_a_MIX_(+)_in_b_3_PROCESS_(~)_4': 'v1'})]
cd9f240e7e4fed74b91aa6e3b94eec01
ANTLR runtime and generated code versions disagree: 4.13.2!=4.10
ANTLR runtime and generated code versions disagree: 4.13.2!=4.10
<lfr.graphmatch.matchpattern.MatchPattern object at 0x760b4a0250c0>
[('lane_a_r1', 'lane_a_mix_in_a_MIX_(+)_in_b_3'), ('lane_a_r2', 'lane_a_mix_in_a_MIX_(+)_in_b_3'), ('lane_b_r1', 'lane_b_mix_in_a_MIX_(+)_in_b_3'), ('lane_b_r2', 'lane_b_mix_in_a_MIX_(+)_in_b_3'), ('carrier', 'combine_in_a_MIX_(+)_in_b_0_MIX_(+)_in_c_1'), ('lane_a_mix_in_a_MIX_(+)_in_b_3', 'lane_a_mix_in_a_MIX_(+)_in_b_3_PROCESS_(~)_4'), ('lane_a_mix_in_a_MIX_(+)_in_b_3_PROCESS_(~)_4', 'combine_in_a_MIX_(+)_in_b_0'), ('lane_b_mix_in_a_MIX_(+)_in_b_3', 'lane_b_mix_in_a_MIX_(+)_in_b_3_PROCESS_(~)_4'), ('lane_b_mix_in_a_MIX_(+)_in_b_3_PROCESS_(~)_4', 'combine_in_a_MIX_(+)_in_b_0'), ('combine_in_a_MIX_(+)_in_b_0', 'combine_in_a_MIX_(+)_in_b_0_MIX_(+)_in_c_1'), ('combine_in_a_MIX_(+)_in_b_0_MIX_(+)_in_c_1', 'combine_in_a_MIX_(+)_in_b_0_MIX_(+)_in_c_1_PROCESS_(~)_2'), ('combine_in_a_MIX_(+)_in_b_0_MIX_(+)_in_c_1_PROCESS_(~)_2', 'outlet')]
Templates Here
Structural Template Nodes: [('v1', {})]
Structural Template Edges: []
Node v1 has the following constraints:
[]
Templates End
[('5b0789de1846a32aa239997c6b11eba8', 'PORT', {'outlet': 'v1'}), ('5b0789de1846a32aa239997c6b11eba8', 'PORT', {'carrier': 'v1'}), ('5b0789de1846a32aa239997c6b11eba8', 'PORT', {'lane_a_r2': 'v1'}), ('5b0789de1846a32aa239997c6b11eba8', 'PORT', {'lane_b_r1': 'v1'}), ('5b0789de1846a32aa239997c6b11eba8', 'PORT', {'lane_b_r2': 'v1'}), ('5b0789de1846a32aa239997c6b11eba8', 'PORT', {'lane_a_r1': 'v1'}), ('3888a3a085a0b78f43d9ad9257fb94cd', 'MIXER', {'lane_b_mix_in_a_MIX_(+)_in_b_3': 'v1'}), ('3888a3a085a0b78f43d9ad9257fb94cd', 'MIXER', {'combine_in_a_MIX_(+)_in_b_0_MIX_(+)_in_c_1': 'v1'}), ('3888a3a085a0b78f43d9ad9257fb94cd', 'MIXER', {'combine_in_a_MIX_(+)_in_b_0': 'v1'}), ('3888a3a085a0b78f43d9ad9257fb94cd', 'MIXER', {'lane_a_mix_in_a_MIX_(+)_in_b_3': 'v1'}), ('cdea77c5343e10aa9ebcb993ab494b7b', 'DROPLET CAPACITANCE SENSOR', {'combine_in_a_MIX_(+)_in_b_0_MIX_(+)_in_c_1_PROCESS_(~)_2': 'v1'}), ('cdea77c5343e10aa9ebcb993ab494b7b', 'DROPLET CAPACITANCE SENSOR', {'lane_a_mix_in_a_MIX_(+)_in_b_3_PROCESS_(~)_4': 'v1'}), ('cdea77c5343e10aa9ebcb993ab494b7b', 'DROPLET CAPACITANCE SENSOR', {'lane_b_mix_in_a_MIX_(+)_in_b_3_PROCESS_(~)_4': 'v1'})]
26f0a16b9d1878f24029199874cd778b
ANTLR runtime and generated code versions disagree: 4.13.2!=4.10
ANTLR runtime and generated code versions disagree: 4.13.2!=4.10
<lfr.graphmatch.matchpattern.MatchPattern object at 0x760b4a025660>
[('lane_a_r1', 'lane_a_mix_in_a_MIX_(+)_in_b_3'), ('lane_a_r2', 'lane_a_mix_in_a_MIX_(+)_in_b_3'), ('lane_b_r1', 'lane_b_mix_in_a_MIX_(+)_in_b_3'), ('lane_b_r2', 'lane_b_mix_in_a_MIX_(+)_in_b_3'), ('carrier', 'combine_in_a_MIX_(+)_in_b_0_MIX_(+)_in_c_1'), ('lane_a_mix_in_a_MIX_(+)_in_b_3', 'lane_a_mix_in_a_MIX_(+)_in_b_3_PROCESS_(~)_4'), ('lane_a_mix_in_a_MIX_(+)_in_b_3_PROCESS_(~)_4', 'combine_in_a_MIX_(+)_in_b_0'), ('lane_b_mix_in_a_MIX_(+)_in_b_3', 'lane_b_mix_in_a_MIX_(+)_in_b_3_PROCESS_(~)_4'), ('lane_b_mix_in_a_MIX_(+)_in_b_3_PROCESS_(~)_4', 'combine_in_a_MIX_(+)_in_b_0'), ('combine_in_a_MIX_(+)_in_b_0', 'combine_in_a_MIX_(+)_in_b_0_MIX_(+)_in_c_1'), ('combine_in_a_MIX_(+)_in_b_0_MIX_(+)_in_c_1', 'combine_in_a_MIX_(+)_in_b_0_MIX_(+)_in_c_1_PROCESS_(~)_2'), ('combine_in_a_MIX_(+)_in_b_0_MIX_(+)_in_c_1_PROCESS_(~)_2', 'outlet')]
Templates Here
Structural Template Nodes: [('v1', {})]
Structural Template Edges: []
Node v1 has the following constraints:
[]
Templates End
[('5b0789de1846a32aa239997c6b11eba8', 'PORT', {'outlet': 'v1'}), ('5b0789de1846a32aa239997c6b11eba8', 'PORT', {'carrier': 'v1'}), ('5b0789de1846a32aa239997c6b11eba8', 'PORT', {'lane_a_r2': 'v1'}), ('5b0789de1846a32aa239997c6b11eba8', 'PORT', {'lane_b_r1': 'v1'}), ('5b0789de1846a32aa239997c6b11eba8', 'PORT', {'lane_b_r2': 'v1'}), ('5b0789de1846a32aa239997c6b11eba8', 'PORT', {'lane_a_r1': 'v1'}), ('3888a3a085a0b78f43d9ad9257fb94cd', 'MIXER', {'lane_b_mix_in_a_MIX_(+)_in_b_3': 'v1'}), ('3888a3a085a0b78f43d9ad9257fb94cd', 'MIXER', {'combine_in_a_MIX_(+)_in_b_0_MIX_(+)_in_c_1': 'v1'}), ('3888a3a085a0b78f43d9ad9257fb94cd', 'MIXER', {'combine_in_a_MIX_(+)_in_b_0': 'v1'}), ('3888a3a085a0b78f43d9ad9257fb94cd', 'MIXER', {'lane_a_mix_in_a_MIX_(+)_in_b_3': 'v1'}), ('cdea77c5343e10aa9ebcb993ab494b7b', 'DROPLET CAPACITANCE SENSOR', {'combine_in_a_MIX_(+)_in_b_0_MIX_(+)_in_c_1_PROCESS_(~)_2': 'v1'}), ('cdea77c5343e10aa9ebcb993ab494b7b', 'DROPLET CAPACITANCE SENSOR', {'lane_a_mix_in_a_MIX_(+)_in_b_3_PROCESS_(~)_4': 'v1'}), ('cdea77c5343e10aa9ebcb993ab494b7b', 'DROPLET CAPACITANCE SENSOR', {'lane_b_mix_in_a_MIX_(+)_in_b_3_PROCESS_(~)_4': 'v1'})]
c9770124d971f8583173f0dd28b4017b
ANTLR runtime and generated code versions disagree: 4.13.2!=4.10
ANTLR runtime and generated code versions disagree: 4.13.2!=4.10
<lfr.graphmatch.matchpattern.MatchPattern object at 0x760b49feb490>
[('lane_a_r1', 'lane_a_mix_in_a_MIX_(+)_in_b_3'), ('lane_a_r2', 'lane_a_mix_in_a_MIX_(+)_in_b_3'), ('lane_b_r1', 'lane_b_mix_in_a_MIX_(+)_in_b_3'), ('lane_b_r2', 'lane_b_mix_in_a_MIX_(+)_in_b_3'), ('carrier', 'combine_in_a_MIX_(+)_in_b_0_MIX_(+)_in_c_1'), ('lane_a_mix_in_a_MIX_(+)_in_b_3', 'lane_a_mix_in_a_MIX_(+)_in_b_3_PROCESS_(~)_4'), ('lane_a_mix_in_a_MIX_(+)_in_b_3_PROCESS_(~)_4', 'combine_in_a_MIX_(+)_in_b_0'), ('lane_b_mix_in_a_MIX_(+)_in_b_3', 'lane_b_mix_in_a_MIX_(+)_in_b_3_PROCESS_(~)_4'), ('lane_b_mix_in_a_MIX_(+)_in_b_3_PROCESS_(~)_4', 'combine_in_a_MIX_(+)_in_b_0'), ('combine_in_a_MIX_(+)_in_b_0', 'combine_in_a_MIX_(+)_in_b_0_MIX_(+)_in_c_1'), ('combine_in_a_MIX_(+)_in_b_0_MIX_(+)_in_c_1', 'combine_in_a_MIX_(+)_in_b_0_MIX_(+)_in_c_1_PROCESS_(~)_2'), ('combine_in_a_MIX_(+)_in_b_0_MIX_(+)_in_c_1_PROCESS_(~)_2', 'outlet')]
Templates Here
Structural Template Nodes: [('v1', {})]
Structural Template Edges: []
Node v1 has the following constraints:
[]
Templates End
[('5b0789de1846a32aa239997c6b11eba8', 'PORT', {'outlet': 'v1'}), ('5b0789de1846a32aa239997c6b11eba8', 'PORT', {'carrier': 'v1'}), ('5b0789de1846a32aa239997c6b11eba8', 'PORT', {'lane_a_r2': 'v1'}), ('5b0789de1846a32aa239997c6b11eba8', 'PORT', {'lane_b_r1': 'v1'}), ('5b0789de1846a32aa239997c6b11eba8', 'PORT', {'lane_b_r2': 'v1'}), ('5b0789de1846a32aa239997c6b11eba8', 'PORT', {'lane_a_r1': 'v1'}), ('3888a3a085a0b78f43d9ad9257fb94cd', 'MIXER', {'lane_b_mix_in_a_MIX_(+)_in_b_3': 'v1'}), ('3888a3a085a0b78f43d9ad9257fb94cd', 'MIXER', {'combine_in_a_MIX_(+)_in_b_0_MIX_(+)_in_c_1': 'v1'}), ('3888a3a085a0b78f43d9ad9257fb94cd', 'MIXER', {'combine_in_a_MIX_(+)_in_b_0': 'v1'}), ('3888a3a085a0b78f43d9ad9257fb94cd', 'MIXER', {'lane_a_mix_in_a_MIX_(+)_in_b_3': 'v1'}), ('cdea77c5343e10aa9ebcb993ab494b7b', 'DROPLET CAPACITANCE SENSOR', {'combine_in_a_MIX_(+)_in_b_0_MIX_(+)_in_c_1_PROCESS_(~)_2': 'v1'}), ('cdea77c5343e10aa9ebcb993ab494b7b', 'DROPLET CAPACITANCE SENSOR', {'lane_a_mix_in_a_MIX_(+)_in_b_3_PROCESS_(~)_4': 'v1'}), ('cdea77c5343e10aa9ebcb993ab494b7b', 'DROPLET CAPACITANCE SENSOR', {'lane_b_mix_in_a_MIX_(+)_in_b_3_PROCESS_(~)_4': 'v1'})]
09781c385e672251742ca6cc07e56759
ANTLR runtime and generated code versions disagree: 4.13.2!=4.10
ANTLR runtime and generated code versions disagree: 4.13.2!=4.10
<lfr.graphmatch.matchpattern.MatchPattern object at 0x760b49fe9150>
[('lane_a_r1', 'lane_a_mix_in_a_MIX_(+)_in_b_3'), ('lane_a_r2', 'lane_a_mix_in_a_MIX_(+)_in_b_3'), ('lane_b_r1', 'lane_b_mix_in_a_MIX_(+)_in_b_3'), ('lane_b_r2', 'lane_b_mix_in_a_MIX_(+)_in_b_3'), ('carrier', 'combine_in_a_MIX_(+)_in_b_0_MIX_(+)_in_c_1'), ('lane_a_mix_in_a_MIX_(+)_in_b_3', 'lane_a_mix_in_a_MIX_(+)_in_b_3_PROCESS_(~)_4'), ('lane_a_mix_in_a_MIX_(+)_in_b_3_PROCESS_(~)_4', 'combine_in_a_MIX_(+)_in_b_0'), ('lane_b_mix_in_a_MIX_(+)_in_b_3', 'lane_b_mix_in_a_MIX_(+)_in_b_3_PROCESS_(~)_4'), ('lane_b_mix_in_a_MIX_(+)_in_b_3_PROCESS_(~)_4', 'combine_in_a_MIX_(+)_in_b_0'), ('combine_in_a_MIX_(+)_in_b_0', 'combine_in_a_MIX_(+)_in_b_0_MIX_(+)_in_c_1'), ('combine_in_a_MIX_(+)_in_b_0_MIX_(+)_in_c_1', 'combine_in_a_MIX_(+)_in_b_0_MIX_(+)_in_c_1_PROCESS_(~)_2'), ('combine_in_a_MIX_(+)_in_b_0_MIX_(+)_in_c_1_PROCESS_(~)_2', 'outlet')]
Templates Here
Structural Template Nodes: [('v1', {})]
Structural Template Edges: []
Node v1 has the following constraints:
[]
Templates End
[('5b0789de1846a32aa239997c6b11eba8', 'PORT', {'outlet': 'v1'}), ('5b0789de1846a32aa239997c6b11eba8', 'PORT', {'carrier': 'v1'}), ('5b0789de1846a32aa239997c6b11eba8', 'PORT', {'lane_a_r2': 'v1'}), ('5b0789de1846a32aa239997c6b11eba8', 'PORT', {'lane_b_r1': 'v1'}), ('5b0789de1846a32aa239997c6b11eba8', 'PORT', {'lane_b_r2': 'v1'}), ('5b0789de1846a32aa239997c6b11eba8', 'PORT', {'lane_a_r1': 'v1'}), ('3888a3a085a0b78f43d9ad9257fb94cd', 'MIXER', {'lane_b_mix_in_a_MIX_(+)_in_b_3': 'v1'}), ('3888a3a085a0b78f43d9ad9257fb94cd', 'MIXER', {'combine_in_a_MIX_(+)_in_b_0_MIX_(+)_in_c_1': 'v1'}), ('3888a3a085a0b78f43d9ad9257fb94cd', 'MIXER', {'combine_in_a_MIX_(+)_in_b_0': 'v1'}), ('3888a3a085a0b78f43d9ad9257fb94cd', 'MIXER', {'lane_a_mix_in_a_MIX_(+)_in_b_3': 'v1'}), ('cdea77c5343e10aa9ebcb993ab494b7b', 'DROPLET CAPACITANCE SENSOR', {'combine_in_a_MIX_(+)_in_b_0_MIX_(+)_in_c_1_PROCESS_(~)_2': 'v1'}), ('cdea77c5343e10aa9ebcb993ab494b7b', 'DROPLET CAPACITANCE SENSOR', {'lane_a_mix_in_a_MIX_(+)_in_b_3_PROCESS_(~)_4': 'v1'}), ('cdea77c5343e10aa9ebcb993ab494b7b', 'DROPLET CAPACITANCE SENSOR', {'lane_b_mix_in_a_MIX_(+)_in_b_3_PROCESS_(~)_4': 'v1'})]
1159f8c0f6837f1916dd1b43d142fa9d
ANTLR runtime and generated code versions disagree: 4.13.2!=4.10
ANTLR runtime and generated code versions disagree: 4.13.2!=4.10
<lfr.graphmatch.matchpattern.MatchPattern object at 0x760b49feb910>
[('lane_a_r1', 'lane_a_mix_in_a_MIX_(+)_in_b_3'), ('lane_a_r2', 'lane_a_mix_in_a_MIX_(+)_in_b_3'), ('lane_b_r1', 'lane_b_mix_in_a_MIX_(+)_in_b_3'), ('lane_b_r2', 'lane_b_mix_in_a_MIX_(+)_in_b_3'), ('carrier', 'combine_in_a_MIX_(+)_in_b_0_MIX_(+)_in_c_1'), ('lane_a_mix_in_a_MIX_(+)_in_b_3', 'lane_a_mix_in_a_MIX_(+)_in_b_3_PROCESS_(~)_4'), ('lane_a_mix_in_a_MIX_(+)_in_b_3_PROCESS_(~)_4', 'combine_in_a_MIX_(+)_in_b_0'), ('lane_b_mix_in_a_MIX_(+)_in_b_3', 'lane_b_mix_in_a_MIX_(+)_in_b_3_PROCESS_(~)_4'), ('lane_b_mix_in_a_MIX_(+)_in_b_3_PROCESS_(~)_4', 'combine_in_a_MIX_(+)_in_b_0'), ('combine_in_a_MIX_(+)_in_b_0', 'combine_in_a_MIX_(+)_in_b_0_MIX_(+)_in_c_1'), ('combine_in_a_MIX_(+)_in_b_0_MIX_(+)_in_c_1', 'combine_in_a_MIX_(+)_in_b_0_MIX_(+)_in_c_1_PROCESS_(~)_2'), ('combine_in_a_MIX_(+)_in_b_0_MIX_(+)_in_c_1_PROCESS_(~)_2', 'outlet')]
Templates Here
Structural Template Nodes: [('v1', {})]
Structural Template Edges: []
Node v1 has the following constraints:
[]
Templates End
[('5b0789de1846a32aa239997c6b11eba8', 'PORT', {'outlet': 'v1'}), ('5b0789de1846a32aa239997c6b11eba8', 'PORT', {'carrier': 'v1'}), ('5b0789de1846a32aa239997c6b11eba8', 'PORT', {'lane_a_r2': 'v1'}), ('5b0789de1846a32aa239997c6b11eba8', 'PORT', {'lane_b_r1': 'v1'}), ('5b0789de1846a32aa239997c6b11eba8', 'PORT', {'lane_b_r2': 'v1'}), ('5b0789de1846a32aa239997c6b11eba8', 'PORT', {'lane_a_r1': 'v1'}), ('3888a3a085a0b78f43d9ad9257fb94cd', 'MIXER', {'lane_b_mix_in_a_MIX_(+)_in_b_3': 'v1'}), ('3888a3a085a0b78f43d9ad9257fb94cd', 'MIXER', {'combine_in_a_MIX_(+)_in_b_0_MIX_(+)_in_c_1': 'v1'}), ('3888a3a085a0b78f43d9ad9257fb94cd', 'MIXER', {'combine_in_a_MIX_(+)_in_b_0': 'v1'}), ('3888a3a085a0b78f43d9ad9257fb94cd', 'MIXER', {'lane_a_mix_in_a_MIX_(+)_in_b_3': 'v1'}), ('cdea77c5343e10aa9ebcb993ab494b7b', 'DROPLET CAPACITANCE SENSOR', {'combine_in_a_MIX_(+)_in_b_0_MIX_(+)_in_c_1_PROCESS_(~)_2': 'v1'}), ('cdea77c5343e10aa9ebcb993ab494b7b', 'DROPLET CAPACITANCE SENSOR', {'lane_a_mix_in_a_MIX_(+)_in_b_3_PROCESS_(~)_4': 'v1'}), ('cdea77c5343e10aa9ebcb993ab494b7b', 'DROPLET CAPACITANCE SENSOR', {'lane_b_mix_in_a_MIX_(+)_in_b_3_PROCESS_(~)_4': 'v1'})]
feb0fbd9a78edd7b903246b2de78427e
Warning ! - Missing match string for mint- feb0fbd9a78edd7b903246b2de78427e
[('5b0789de1846a32aa239997c6b11eba8', 'PORT', {'outlet': 'v1'}), ('5b0789de1846a32aa239997c6b11eba8', 'PORT', {'carrier': 'v1'}), ('5b0789de1846a32aa239997c6b11eba8', 'PORT', {'lane_a_r2': 'v1'}), ('5b0789de1846a32aa239997c6b11eba8', 'PORT', {'lane_b_r1': 'v1'}), ('5b0789de1846a32aa239997c6b11eba8', 'PORT', {'lane_b_r2': 'v1'}), ('5b0789de1846a32aa239997c6b11eba8', 'PORT', {'lane_a_r1': 'v1'}), ('3888a3a085a0b78f43d9ad9257fb94cd', 'MIXER', {'lane_b_mix_in_a_MIX_(+)_in_b_3': 'v1'}), ('3888a3a085a0b78f43d9ad9257fb94cd', 'MIXER', {'combine_in_a_MIX_(+)_in_b_0_MIX_(+)_in_c_1': 'v1'}), ('3888a3a085a0b78f43d9ad9257fb94cd', 'MIXER', {'combine_in_a_MIX_(+)_in_b_0': 'v1'}), ('3888a3a085a0b78f43d9ad9257fb94cd', 'MIXER', {'lane_a_mix_in_a_MIX_(+)_in_b_3': 'v1'}), ('cdea77c5343e10aa9ebcb993ab494b7b', 'DROPLET CAPACITANCE SENSOR', {'combine_in_a_MIX_(+)_in_b_0_MIX_(+)_in_c_1_PROCESS_(~)_2': 'v1'}), ('cdea77c5343e10aa9ebcb993ab494b7b', 'DROPLET CAPACITANCE SENSOR', {'lane_a_mix_in_a_MIX_(+)_in_b_3_PROCESS_(~)_4': 'v1'}), ('cdea77c5343e10aa9ebcb993ab494b7b', 'DROPLET CAPACITANCE SENSOR', {'lane_b_mix_in_a_MIX_(+)_in_b_3_PROCESS_(~)_4': 'v1'})]
f52e9c50a060add65a035429b2a22229
Warning ! - Missing match string for mint- f52e9c50a060add65a035429b2a22229
Ret here
[('5b0789de1846a32aa239997c6b11eba8', 'PORT', {'outlet': 'v1'}), ('5b0789de1846a32aa239997c6b11eba8', 'PORT', {'carrier': 'v1'}), ('5b0789de1846a32aa239997c6b11eba8', 'PORT', {'lane_a_r2': 'v1'}), ('5b0789de1846a32aa239997c6b11eba8', 'PORT', {'lane_b_r1': 'v1'}), ('5b0789de1846a32aa239997c6b11eba8', 'PORT', {'lane_b_r2': 'v1'}), ('5b0789de1846a32aa239997c6b11eba8', 'PORT', {'lane_a_r1': 'v1'}), ('3888a3a085a0b78f43d9ad9257fb94cd', 'MIXER', {'lane_b_mix_in_a_MIX_(+)_in_b_3': 'v1'}), ('3888a3a085a0b78f43d9ad9257fb94cd', 'MIXER', {'combine_in_a_MIX_(+)_in_b_0_MIX_(+)_in_c_1': 'v1'}), ('3888a3a085a0b78f43d9ad9257fb94cd', 'MIXER', {'combine_in_a_MIX_(+)_in_b_0': 'v1'}), ('3888a3a085a0b78f43d9ad9257fb94cd', 'MIXER', {'lane_a_mix_in_a_MIX_(+)_in_b_3': 'v1'}), ('cdea77c5343e10aa9ebcb993ab494b7b', 'DROPLET CAPACITANCE SENSOR', {'combine_in_a_MIX_(+)_in_b_0_MIX_(+)_in_c_1_PROCESS_(~)_2': 'v1'}), ('cdea77c5343e10aa9ebcb993ab494b7b', 'DROPLET CAPACITANCE SENSOR', {'lane_a_mix_in_a_MIX_(+)_in_b_3_PROCESS_(~)_4': 'v1'}), ('cdea77c5343e10aa9ebcb993ab494b7b', 'DROPLET CAPACITANCE SENSOR', {'lane_b_mix_in_a_MIX_(+)_in_b_3_PROCESS_(~)_4': 'v1'})]
Total Matches against library : 13
Start of Matches
('5b0789de1846a32aa239997c6b11eba8', 'PORT', {'outlet': 'v1'})
('5b0789de1846a32aa239997c6b11eba8', 'PORT', {'carrier': 'v1'})
('5b0789de1846a32aa239997c6b11eba8', 'PORT', {'lane_a_r2': 'v1'})
('5b0789de1846a32aa239997c6b11eba8', 'PORT', {'lane_b_r1': 'v1'})
('5b0789de1846a32aa239997c6b11eba8', 'PORT', {'lane_b_r2': 'v1'})
('5b0789de1846a32aa239997c6b11eba8', 'PORT', {'lane_a_r1': 'v1'})
('3888a3a085a0b78f43d9ad9257fb94cd', 'MIXER', {'lane_b_mix_in_a_MIX_(+)_in_b_3': 'v1'})
('3888a3a085a0b78f43d9ad9257fb94cd', 'MIXER', {'combine_in_a_MIX_(+)_in_b_0_MIX_(+)_in_c_1': 'v1'})
('3888a3a085a0b78f43d9ad9257fb94cd', 'MIXER', {'combine_in_a_MIX_(+)_in_b_0': 'v1'})
('3888a3a085a0b78f43d9ad9257fb94cd', 'MIXER', {'lane_a_mix_in_a_MIX_(+)_in_b_3': 'v1'})
('cdea77c5343e10aa9ebcb993ab494b7b', 'DROPLET CAPACITANCE SENSOR', {'combine_in_a_MIX_(+)_in_b_0_MIX_(+)_in_c_1_PROCESS_(~)_2': 'v1'})
('cdea77c5343e10aa9ebcb993ab494b7b', 'DROPLET CAPACITANCE SENSOR', {'lane_a_mix_in_a_MIX_(+)_in_b_3_PROCESS_(~)_4': 'v1'})
('cdea77c5343e10aa9ebcb993ab494b7b', 'DROPLET CAPACITANCE SENSOR', {'lane_b_mix_in_a_MIX_(+)_in_b_3_PROCESS_(~)_4': 'v1'})
End of matches
Eliminating match: [('cdea77c5343e10aa9ebcb993ab494b7b', 'DROPLET CAPACITANCE SENSOR', {'lane_a_mix_in_a_MIX_(+)_in_b_3_PROCESS_(~)_4': 'v1'})]
Eliminating match: []
Eliminating match: [('cdea77c5343e10aa9ebcb993ab494b7b', 'DROPLET CAPACITANCE SENSOR', {'lane_b_mix_in_a_MIX_(+)_in_b_3_PROCESS_(~)_4': 'v1'})]
Eliminating match: []
Eliminating match: [('cdea77c5343e10aa9ebcb993ab494b7b', 'DROPLET CAPACITANCE SENSOR', {'combine_in_a_MIX_(+)_in_b_0_MIX_(+)_in_c_1_PROCESS_(~)_2': 'v1'})]
Eliminating match: []
Total matches against library after explicit mapping eliminations: 13
{'outlet'}
{'carrier'}
{'lane_a_r2'}
{'lane_b_r1'}
{'lane_b_r2'}
{'lane_a_r1'}
{'lane_b_mix_in_a_MIX_(+)_in_b_3'}
{'combine_in_a_MIX_(+)_in_b_0_MIX_(+)_in_c_1'}
{'combine_in_a_MIX_(+)_in_b_0'}
{'lane_a_mix_in_a_MIX_(+)_in_b_3'}
{'lane_a_mix_in_a_MIX_(+)_in_b_3_PROCESS_(~)_4'}
{'lane_b_mix_in_a_MIX_(+)_in_b_3_PROCESS_(~)_4'}
{'combine_in_a_MIX_(+)_in_b_0_MIX_(+)_in_c_1_PROCESS_(~)_2'}
Moving Max Set Cover to the front: [{'outlet'}, {'carrier'}, {'lane_a_r2'}, {'lane_b_r1'}, {'lane_b_r2'}, {'lane_a_r1'}, {'lane_b_mix_in_a_MIX_(+)_in_b_3'}, {'combine_in_a_MIX_(+)_in_b_0_MIX_(+)_in_c_1'}, {'combine_in_a_MIX_(+)_in_b_0'}, {'lane_a_mix_in_a_MIX_(+)_in_b_3'}, {'lane_a_mix_in_a_MIX_(+)_in_b_3_PROCESS_(~)_4'}, {'lane_b_mix_in_a_MIX_(+)_in_b_3_PROCESS_(~)_4'}, {'combine_in_a_MIX_(+)_in_b_0_MIX_(+)_in_c_1_PROCESS_(~)_2'}]
outlet
carrier
lane_a_r2
lane_b_mix_in_a_MIX_(+)_in_b_3
combine_in_a_MIX_(+)_in_b_0_MIX_(+)_in_c_1
combine_in_a_MIX_(+)_in_b_0_MIX_(+)_in_c_1_PROCESS_(~)_2
lane_b_r1
combine_in_a_MIX_(+)_in_b_0
lane_b_r2
lane_a_mix_in_a_MIX_(+)_in_b_3_PROCESS_(~)_4
lane_a_mix_in_a_MIX_(+)_in_b_3
lane_b_mix_in_a_MIX_(+)_in_b_3_PROCESS_(~)_4
lane_a_r1
Moving Explicit Matches to the front: [{'lane_a_mix_in_a_MIX_(+)_in_b_3_PROCESS_(~)_4'}, {'lane_b_mix_in_a_MIX_(+)_in_b_3_PROCESS_(~)_4'}, {'combine_in_a_MIX_(+)_in_b_0_MIX_(+)_in_c_1_PROCESS_(~)_2'}]
Checking Match: ('3888a3a085a0b78f43d9ad9257fb94cd', 'MIXER', {'combine_in_a_MIX_(+)_in_b_0_MIX_(+)_in_c_1_PROCESS_(~)_2': 'v1'})
Warning: Implment how the connecting option is mapped to match string node
Warning: Implment how the connecting option is mapped to match string node
Warning: Implment how the connecting option is mapped to match string node
Warning: Implment how the connecting option is mapped to match string node
Adding node cn_mixer_1 to variant variant_0
Checking Match: ('3888a3a085a0b78f43d9ad9257fb94cd', 'MIXER', {'lane_b_mix_in_a_MIX_(+)_in_b_3_PROCESS_(~)_4': 'v1'})
Warning: Implment how the connecting option is mapped to match string node
Warning: Implment how the connecting option is mapped to match string node
Warning: Implment how the connecting option is mapped to match string node
Warning: Implment how the connecting option is mapped to match string node
Adding node cn_mixer_2 to variant variant_0
Checking Match: ('3888a3a085a0b78f43d9ad9257fb94cd', 'MIXER', {'lane_a_mix_in_a_MIX_(+)_in_b_3_PROCESS_(~)_4': 'v1'})
Warning: Implment how the connecting option is mapped to match string node
Warning: Implment how the connecting option is mapped to match string node
Warning: Implment how the connecting option is mapped to match string node
Warning: Implment how the connecting option is mapped to match string node
Adding node cn_mixer_3 to variant variant_0
Checking Match: ('3888a3a085a0b78f43d9ad9257fb94cd', 'MIXER', {'lane_a_mix_in_a_MIX_(+)_in_b_3': 'v1'})
Warning: Implment how the connecting option is mapped to match string node
Warning: Implment how the connecting option is mapped to match string node
Warning: Implment how the connecting option is mapped to match string node
Warning: Implment how the connecting option is mapped to match string node
Adding node cn_mixer_4 to variant variant_0
Checking Match: ('3888a3a085a0b78f43d9ad9257fb94cd', 'MIXER', {'combine_in_a_MIX_(+)_in_b_0': 'v1'})
Warning: Implment how the connecting option is mapped to match string node
Warning: Implment how the connecting option is mapped to match string node
Warning: Implment how the connecting option is mapped to match string node
Warning: Implment how the connecting option is mapped to match string node
Adding node cn_mixer_5 to variant variant_0
Checking Match: ('3888a3a085a0b78f43d9ad9257fb94cd', 'MIXER', {'combine_in_a_MIX_(+)_in_b_0_MIX_(+)_in_c_1': 'v1'})
Warning: Implment how the connecting option is mapped to match string node
Warning: Implment how the connecting option is mapped to match string node
Warning: Implment how the connecting option is mapped to match string node
Warning: Implment how the connecting option is mapped to match string node
Adding node cn_mixer_6 to variant variant_0
Checking Match: ('3888a3a085a0b78f43d9ad9257fb94cd', 'MIXER', {'lane_b_mix_in_a_MIX_(+)_in_b_3': 'v1'})
Warning: Implment how the connecting option is mapped to match string node
Warning: Implment how the connecting option is mapped to match string node
Warning: Implment how the connecting option is mapped to match string node
Warning: Implment how the connecting option is mapped to match string node
Adding node cn_mixer_7 to variant variant_0
Checking Match: ('5b0789de1846a32aa239997c6b11eba8', 'PORT', {'lane_a_r1': 'v1'})
Warning: Implment how the connecting option is mapped to match string node
Warning: Implment how the connecting option is mapped to match string node
Warning: Implment how the connecting option is mapped to match string node
Warning: Implment how the connecting option is mapped to match string node
Adding node cn_port_1 to variant variant_0
Checking Match: ('5b0789de1846a32aa239997c6b11eba8', 'PORT', {'lane_b_r2': 'v1'})
Warning: Implment how the connecting option is mapped to match string node
Warning: Implment how the connecting option is mapped to match string node
Warning: Implment how the connecting option is mapped to match string node
Warning: Implment how the connecting option is mapped to match string node
Adding node cn_port_2 to variant variant_0
Checking Match: ('5b0789de1846a32aa239997c6b11eba8', 'PORT', {'lane_b_r1': 'v1'})
Warning: Implment how the connecting option is mapped to match string node
Warning: Implment how the connecting option is mapped to match string node
Warning: Implment how the connecting option is mapped to match string node
Warning: Implment how the connecting option is mapped to match string node
Adding node cn_port_3 to variant variant_0
Checking Match: ('5b0789de1846a32aa239997c6b11eba8', 'PORT', {'lane_a_r2': 'v1'})
Warning: Implment how the connecting option is mapped to match string node
Warning: Implment how the connecting option is mapped to match string node
Warning: Implment how the connecting option is mapped to match string node
Warning: Implment how the connecting option is mapped to match string node
Adding node cn_port_4 to variant variant_0
Checking Match: ('5b0789de1846a32aa239997c6b11eba8', 'PORT', {'carrier': 'v1'})
Warning: Implment how the connecting option is mapped to match string node
Warning: Implment how the connecting option is mapped to match string node
Warning: Implment how the connecting option is mapped to match string node
Warning: Implment how the connecting option is mapped to match string node
Adding node cn_port_5 to variant variant_0
Checking Match: ('5b0789de1846a32aa239997c6b11eba8', 'PORT', {'outlet': 'v1'})
Warning: Implment how the connecting option is mapped to match string node
Warning: Implment how the connecting option is mapped to match string node
Warning: Implment how the connecting option is mapped to match string node
Warning: Implment how the connecting option is mapped to match string node
Adding node cn_port_6 to variant variant_0
Variant variant_0:
cn_mixer_1
cn_mixer_2
cn_mixer_3
cn_mixer_4
cn_mixer_5
cn_mixer_6
cn_mixer_7
cn_port_1
cn_port_2
cn_port_3
cn_port_4
cn_port_5
cn_port_6
File Path: /home/cidar-ron/Downloads/Neptune_2026/Microfluidics-Benchmarks/Results/Quick_Examples/import_parallel_premix/import_parallel_premix/variant_0_construction.dot
Connected Nodes
cn_mixer_1
cn_port_6
Connected Nodes
cn_mixer_2
cn_mixer_5
Connected Nodes
cn_mixer_3
cn_mixer_5
Connected Nodes
cn_mixer_4
cn_mixer_3
Connected Nodes
cn_mixer_5
cn_mixer_6
Connected Nodes
cn_mixer_6
cn_mixer_1
Connected Nodes
cn_mixer_7
cn_mixer_2
Connected Nodes
cn_port_1
cn_mixer_4
Connected Nodes
cn_port_2
cn_mixer_7
Connected Nodes
cn_port_3
cn_mixer_7
Connected Nodes
cn_port_4
cn_mixer_4
Connected Nodes
cn_port_5
cn_mixer_6
Nodes to Traverse: <generator object dfs_preorder_nodes.<locals>.<genexpr> at 0x760b4a031620>
Pulling Default Values of Components
Deleted unsupported param "position" from component mixer_1 : MIXER
Deleted unsupported param "position" from component port_1 : PORT
Deleted unsupported param "position" from component mixer_2 : MIXER
Deleted unsupported param "position" from component mixer_3 : MIXER
Deleted unsupported param "position" from component mixer_4 : MIXER
Deleted unsupported param "position" from component mixer_5 : MIXER
Deleted unsupported param "position" from component mixer_6 : MIXER
Deleted unsupported param "position" from component mixer_7 : MIXER
Deleted unsupported param "position" from component port_2 : PORT
Deleted unsupported param "position" from component port_3 : PORT
Deleted unsupported param "position" from component port_4 : PORT
Deleted unsupported param "position" from component port_5 : PORT
Deleted unsupported param "position" from component port_6 : PORT
Pulling Dimensions of Components
Pulling Terminals of Components
/home/cidar-ron/Downloads/Neptune_2026/Microfluidics-Benchmarks/Results/Quick_Examples/import_parallel_premix/import_parallel_premix/variant_0
output dir: Microfluidics-Benchmarks/Results/Quick_Examples/import_parallel_premix
Running File: Microfluidics-Benchmarks/Results/Quick_Examples/import_parallel_premix/import_parallel_premix_fromLFR.json
Starting terminal/port assignment ...
Reducing the Size of the device and adding device padding: 20000 um
Updated the device dimensions: (156820, 64860) microns
Completed simple linear placement fallback.
Wrote: /home/cidar-ron/Downloads/Neptune_2026/Microfluidics-Benchmarks/Results/Quick_Examples/import_parallel_premix/import_parallel_premix_fromLFR_PR.json
✓ LFR synthesis + placed/routed under ./Microfluidics-Benchmarks/Results/Quick_Examples/import_parallel_premix
-----------------------
Summary: total=6 ok=6 fail=0
Results under ./Microfluidics-Benchmarks/Results/Quick_Examples
Log:     ./Microfluidics-Benchmarks/Results/Quick_Examples/run_all_Quick_Examples_20260722_195053.log
